log_text                                                                                                                                       , label
"ERROR: [target-app] HTTP 500 Internal Server Error: NullPointerException in auth verification
Traceback (most recent call last):
File ""/app/middleware/auth.py"", line 64, in authenticate
user_role = token_claims['role']
TypeError: 'NoneType' object is not subscriptable
Context: req_id=8468"                                                                                                                          ,     1
INFO: [target-app] Cache hit for key 'product_catalog_v2' latency=0.2ms. [req_id=2991]                                                         ,     0
INFO: [target-app] Cache hit for key 'product_catalog_v2' latency=0.2ms. [req_id=5513]                                                         ,     0
"INFO: 172.18.0.4:38902 - ""GET /api/v1/users/profile HTTP/1.1"" 200 OK [req_id=4131]"                                                         ,     0
"ERROR: [target-app] Memory limit exceeded: MemoryError: unable to allocate 512MiB for buffer
Traceback (most recent call last):
File ""/app/utils/export.py"", line 15, in export_large_dataset
buffer = bytearray(512 * 1024 * 1024)
MemoryError
Context: req_id=3480"                                                                                                                          ,     1
INFO: [target-app] Cache hit for key 'product_catalog_v2' latency=0.2ms. [req_id=1456]                                                         ,     0
"ERROR: [target-app] Memory limit exceeded: MemoryError: unable to allocate 512MiB for buffer
Traceback (most recent call last):
File ""/app/utils/export.py"", line 15, in export_large_dataset
buffer = bytearray(512 * 1024 * 1024)
MemoryError
Context: req_id=8074"                                                                                                                          ,     1
"INFO: 127.0.0.1:44302 - ""POST /api/v1/checkout HTTP/1.1"" 201 Created [req_id=5583]"                                                         ,     0
"ERROR: [target-app] Simulated Application Failure [FileNotFoundError]: Configuration file '/app/config/settings.yaml' not found in path.
Traceback (most recent call last):
File ""/app/main.py"", line 42, in simulate_error
raise FileNotFoundError(""Configuration file '/app/config/settings.yaml' not found in path."")
FileNotFoundError: Configuration file '/app/config/settings.yaml' not found in path.
Context: req_id=6929"                                                                                                                          ,     1
"ERROR: [target-app] Database query failed: OperationalError: connection refused to 10.0.1.5:5432
Traceback (most recent call last):
File ""/app/db/session.py"", line 29, in get_db
conn = psycopg2.connect(dsn)
psycopg2.OperationalError: could not connect to server: Connection refused
Context: req_id=5655"                                                                                                                          ,     1
INFO: [target-app] Health check probe passed. All downstream dependencies reachable. [req_id=9153]                                             ,     0
DEBUG: [target-app] Serialized response payload size=412 bytes. [req_id=8909]                                                                  ,     0
"INFO: 127.0.0.1:44302 - ""POST /api/v1/checkout HTTP/1.1"" 201 Created [req_id=7399]"                                                         ,     0
"INFO: 127.0.0.1:54320 - ""GET / HTTP/1.1"" 200 OK [req_id=5497]"                                                                              ,     0
"ERROR: [target-app] Simulated Application Failure [TimeoutError]: Database connection timed out after 30000ms: host=db-replica-1.internal:5432
Traceback (most recent call last):
File ""/app/main.py"", line 50, in simulate_error
raise TimeoutError(""Database connection timed out after 30000ms: host=db-replica-1.internal:5432"")
TimeoutError: Database connection timed out after 30000ms: host=db-replica-1.internal:5432
Context: req_id=1873"                                                                                                                          ,     1
"ERROR: [target-app] HTTP 500 Internal Server Error: NullPointerException in auth verification
Traceback (most recent call last):
File ""/app/middleware/auth.py"", line 64, in authenticate
user_role = token_claims['role']
TypeError: 'NoneType' object is not subscriptable
Context: req_id=2183"                                                                                                                          ,     1
INFO: [target-app] TLS handshake completed successfully with cipher TLS_AES_256_GCM_SHA384. [req_id=7755]                                      ,     0
"ERROR: [target-app] Simulated Application Failure [FileNotFoundError]: Configuration file '/app/config/settings.yaml' not found in path.
Traceback (most recent call last):
File ""/app/main.py"", line 42, in simulate_error
raise FileNotFoundError(""Configuration file '/app/config/settings.yaml' not found in path."")
FileNotFoundError: Configuration file '/app/config/settings.yaml' not found in path.
Context: req_id=8177"                                                                                                                          ,     1
INFO: [target-app] Database heartbeat query executed in 1.4ms. [req_id=7168]                                                                   ,     0
"ERROR: [target-app] Simulated Application Failure [ZeroDivisionError]: division by zero
Traceback (most recent call last):
File ""/app/main.py"", line 46, in simulate_error
_ = 100 / 0
ZeroDivisionError: division by zero
Context: req_id=8029"                                                                                                                          ,     1
"ERROR: [target-app] Simulated Application Failure [ZeroDivisionError]: division by zero
Traceback (most recent call last):
File ""/app/main.py"", line 46, in simulate_error
_ = 100 / 0
ZeroDivisionError: division by zero
Context: req_id=8265"                                                                                                                          ,     1
INFO: [target-app] TLS handshake completed successfully with cipher TLS_AES_256_GCM_SHA384. [req_id=9565]                                      ,     0
INFO: [target-app] TLS handshake completed successfully with cipher TLS_AES_256_GCM_SHA384. [req_id=4954]                                      ,     0
INFO: [target-app] Batch job finished successfully: processed 150 records. [req_id=9483]                                                       ,     0
"ERROR: [target-app] Simulated Application Failure [ZeroDivisionError]: division by zero
Traceback (most recent call last):
File ""/app/main.py"", line 46, in simulate_error
_ = 100 / 0
ZeroDivisionError: division by zero
Context: req_id=8652"                                                                                                                          ,     1
DEBUG: [target-app] Serialized response payload size=412 bytes. [req_id=8801]                                                                  ,     0
"ERROR: [target-app] Memory limit exceeded: MemoryError: unable to allocate 512MiB for buffer
Traceback (most recent call last):
File ""/app/utils/export.py"", line 15, in export_large_dataset
buffer = bytearray(512 * 1024 * 1024)
MemoryError
Context: req_id=5220"                                                                                                                          ,     1
"ERROR: [target-app] Simulated Application Failure [TimeoutError]: Database connection timed out after 30000ms: host=db-replica-1.internal:5432
Traceback (most recent call last):
File ""/app/main.py"", line 50, in simulate_error
raise TimeoutError(""Database connection timed out after 30000ms: host=db-replica-1.internal:5432"")
TimeoutError: Database connection timed out after 30000ms: host=db-replica-1.internal:5432
Context: req_id=8052"                                                                                                                          ,     1
"ERROR: [target-app] Simulated Application Failure [FileNotFoundError]: Configuration file '/app/config/settings.yaml' not found in path.
Traceback (most recent call last):
File ""/app/main.py"", line 42, in simulate_error
raise FileNotFoundError(""Configuration file '/app/config/settings.yaml' not found in path."")
FileNotFoundError: Configuration file '/app/config/settings.yaml' not found in path.
Context: req_id=4460"                                                                                                                          ,     1
"ERROR: [target-app] Unhandled Exception: KeyError: 'user_preferences'
Traceback (most recent call last):
File ""/app/services/user.py"", line 88, in get_user
prefs = user_data['user_preferences']
KeyError: 'user_preferences'
Context: req_id=3351"                                                                                                                          ,     1
INFO: [target-app] Batch job finished successfully: processed 150 records. [req_id=1872]                                                       ,     0
"INFO: 127.0.0.1:44302 - ""POST /api/v1/checkout HTTP/1.1"" 201 Created [req_id=2428]"                                                         ,     0
"INFO: 127.0.0.1:54320 - ""GET / HTTP/1.1"" 200 OK [req_id=6712]"                                                                              ,     0
INFO: [target-app] Batch job finished successfully: processed 150 records. [req_id=8788]                                                       ,     0
"ERROR: [target-app] Memory limit exceeded: MemoryError: unable to allocate 512MiB for buffer
Traceback (most recent call last):
File ""/app/utils/export.py"", line 15, in export_large_dataset
buffer = bytearray(512 * 1024 * 1024)
MemoryError
Context: req_id=6553"                                                                                                                          ,     1
"ERROR: [target-app] Database query failed: OperationalError: connection refused to 10.0.1.5:5432
Traceback (most recent call last):
File ""/app/db/session.py"", line 29, in get_db
conn = psycopg2.connect(dsn)
psycopg2.OperationalError: could not connect to server: Connection refused
Context: req_id=7268"                                                                                                                          ,     1
"ERROR: [target-app] Simulated Application Failure [FileNotFoundError]: Configuration file '/app/config/settings.yaml' not found in path.
Traceback (most recent call last):
File ""/app/main.py"", line 42, in simulate_error
raise FileNotFoundError(""Configuration file '/app/config/settings.yaml' not found in path."")
FileNotFoundError: Configuration file '/app/config/settings.yaml' not found in path.
Context: req_id=8162"                                                                                                                          ,     1
INFO: [target-app] Batch job finished successfully: processed 150 records. [req_id=3906]                                                       ,     0
INFO: [target-app] TLS handshake completed successfully with cipher TLS_AES_256_GCM_SHA384. [req_id=1936]                                      ,     0
"ERROR: [target-app] Memory limit exceeded: MemoryError: unable to allocate 512MiB for buffer
Traceback (most recent call last):
File ""/app/utils/export.py"", line 15, in export_large_dataset
buffer = bytearray(512 * 1024 * 1024)
MemoryError
Context: req_id=6625"                                                                                                                          ,     1
DEBUG: [target-app] Serialized response payload size=412 bytes. [req_id=7386]                                                                  ,     0
DEBUG: [target-app] Serialized response payload size=412 bytes. [req_id=4512]                                                                  ,     0
"ERROR: [target-app] Memory limit exceeded: MemoryError: unable to allocate 512MiB for buffer
Traceback (most recent call last):
File ""/app/utils/export.py"", line 15, in export_large_dataset
buffer = bytearray(512 * 1024 * 1024)
MemoryError
Context: req_id=8159"                                                                                                                          ,     1
INFO: [target-app] User session refreshed token_id=tok_9a8f7b2c. [req_id=4695]                                                                 ,     0
DEBUG: [target-app] Serialized response payload size=412 bytes. [req_id=2115]                                                                  ,     0
"ERROR: [target-app] Memory limit exceeded: MemoryError: unable to allocate 512MiB for buffer
Traceback (most recent call last):
File ""/app/utils/export.py"", line 15, in export_large_dataset
buffer = bytearray(512 * 1024 * 1024)
MemoryError
Context: req_id=1749"                                                                                                                          ,     1
"ERROR: [target-app] Simulated Application Failure [TimeoutError]: Database connection timed out after 30000ms: host=db-replica-1.internal:5432
Traceback (most recent call last):
File ""/app/main.py"", line 50, in simulate_error
raise TimeoutError(""Database connection timed out after 30000ms: host=db-replica-1.internal:5432"")
TimeoutError: Database connection timed out after 30000ms: host=db-replica-1.internal:5432
Context: req_id=9460"                                                                                                                          ,     1
"ERROR: [target-app] Simulated Application Failure [TimeoutError]: Database connection timed out after 30000ms: host=db-replica-1.internal:5432
Traceback (most recent call last):
File ""/app/main.py"", line 50, in simulate_error
raise TimeoutError(""Database connection timed out after 30000ms: host=db-replica-1.internal:5432"")
TimeoutError: Database connection timed out after 30000ms: host=db-replica-1.internal:5432
Context: req_id=7770"                                                                                                                          ,     1
"ERROR: [target-app] Simulated Application Failure [ZeroDivisionError]: division by zero
Traceback (most recent call last):
File ""/app/main.py"", line 46, in simulate_error
_ = 100 / 0
ZeroDivisionError: division by zero
Context: req_id=9487"                                                                                                                          ,     1
"INFO: 10.0.0.12:49152 - ""GET /health HTTP/1.1"" 200 OK [req_id=2400]"                                                                        ,     0
"ERROR: [target-app] Memory limit exceeded: MemoryError: unable to allocate 512MiB for buffer
Traceback (most recent call last):
File ""/app/utils/export.py"", line 15, in export_large_dataset
buffer = bytearray(512 * 1024 * 1024)
MemoryError
Context: req_id=5169"                                                                                                                          ,     1
"INFO: 10.0.2.15:52130 - ""GET /metrics HTTP/1.1"" 200 OK [req_id=1946]"                                                                       ,     0
INFO: [target-app] User session refreshed token_id=tok_9a8f7b2c. [req_id=8176]                                                                 ,     0
"INFO: 127.0.0.1:54320 - ""GET / HTTP/1.1"" 200 OK [req_id=5481]"                                                                              ,     0
"ERROR: [target-app] Database query failed: OperationalError: connection refused to 10.0.1.5:5432
Traceback (most recent call last):
File ""/app/db/session.py"", line 29, in get_db
conn = psycopg2.connect(dsn)
psycopg2.OperationalError: could not connect to server: Connection refused
Context: req_id=2368"                                                                                                                          ,     1
"ERROR: [target-app] Simulated Application Failure [TimeoutError]: Database connection timed out after 30000ms: host=db-replica-1.internal:5432
Traceback (most recent call last):
File ""/app/main.py"", line 50, in simulate_error
raise TimeoutError(""Database connection timed out after 30000ms: host=db-replica-1.internal:5432"")
TimeoutError: Database connection timed out after 30000ms: host=db-replica-1.internal:5432
Context: req_id=3804"                                                                                                                          ,     1
"ERROR: [target-app] HTTP 500 Internal Server Error: NullPointerException in auth verification
Traceback (most recent call last):
File ""/app/middleware/auth.py"", line 64, in authenticate
user_role = token_claims['role']
TypeError: 'NoneType' object is not subscriptable
Context: req_id=5634"                                                                                                                          ,     1
"INFO: 192.168.1.100:60124 - ""POST /api/v1/login HTTP/1.1"" 200 OK [req_id=9332]"                                                             ,     0
"ERROR: [target-app] HTTP 500 Internal Server Error: NullPointerException in auth verification
Traceback (most recent call last):
File ""/app/middleware/auth.py"", line 64, in authenticate
user_role = token_claims['role']
TypeError: 'NoneType' object is not subscriptable
Context: req_id=2329"                                                                                                                          ,     1
"ERROR: [target-app] Database query failed: OperationalError: connection refused to 10.0.1.5:5432
Traceback (most recent call last):
File ""/app/db/session.py"", line 29, in get_db
conn = psycopg2.connect(dsn)
psycopg2.OperationalError: could not connect to server: Connection refused
Context: req_id=7031"                                                                                                                          ,     1
DEBUG: [target-app] Serialized response payload size=412 bytes. [req_id=2388]                                                                  ,     0
"INFO: 192.168.1.100:60124 - ""POST /api/v1/login HTTP/1.1"" 200 OK [req_id=5872]"                                                             ,     0
"INFO: 192.168.1.100:60124 - ""POST /api/v1/login HTTP/1.1"" 200 OK [req_id=3024]"                                                             ,     0
INFO: [target-app] TLS handshake completed successfully with cipher TLS_AES_256_GCM_SHA384. [req_id=5308]                                      ,     0
INFO: [target-app] Health check probe passed. All downstream dependencies reachable. [req_id=6270]                                             ,     0
"ERROR: [target-app] Simulated Application Failure [ZeroDivisionError]: division by zero
Traceback (most recent call last):
File ""/app/main.py"", line 46, in simulate_error
_ = 100 / 0
ZeroDivisionError: division by zero
Context: req_id=7797"                                                                                                                          ,     1
"INFO: 127.0.0.1:44302 - ""POST /api/v1/checkout HTTP/1.1"" 201 Created [req_id=9918]"                                                         ,     0
INFO: [target-app] Processed request GET / successfully with status 200 OK. [req_id=3864]                                                      ,     0
INFO: [target-app] Batch job finished successfully: processed 150 records. [req_id=5842]                                                       ,     0
"INFO: 10.0.2.15:52130 - ""GET /metrics HTTP/1.1"" 200 OK [req_id=7990]"                                                                       ,     0
"ERROR: [target-app] Simulated Application Failure [ZeroDivisionError]: division by zero
Traceback (most recent call last):
File ""/app/main.py"", line 46, in simulate_error
_ = 100 / 0
ZeroDivisionError: division by zero
Context: req_id=1483"                                                                                                                          ,     1
"ERROR: [target-app] Memory limit exceeded: MemoryError: unable to allocate 512MiB for buffer
Traceback (most recent call last):
File ""/app/utils/export.py"", line 15, in export_large_dataset
buffer = bytearray(512 * 1024 * 1024)
MemoryError
Context: req_id=3856"                                                                                                                          ,     1
"ERROR: [target-app] Simulated Application Failure [FileNotFoundError]: Configuration file '/app/config/settings.yaml' not found in path.
Traceback (most recent call last):
File ""/app/main.py"", line 42, in simulate_error
raise FileNotFoundError(""Configuration file '/app/config/settings.yaml' not found in path."")
FileNotFoundError: Configuration file '/app/config/settings.yaml' not found in path.
Context: req_id=1582"                                                                                                                          ,     1
"INFO: 127.0.0.1:54320 - ""GET / HTTP/1.1"" 200 OK [req_id=7577]"                                                                              ,     0
"ERROR: [target-app] Simulated Application Failure [FileNotFoundError]: Configuration file '/app/config/settings.yaml' not found in path.
Traceback (most recent call last):
File ""/app/main.py"", line 42, in simulate_error
raise FileNotFoundError(""Configuration file '/app/config/settings.yaml' not found in path."")
FileNotFoundError: Configuration file '/app/config/settings.yaml' not found in path.
Context: req_id=3729"                                                                                                                          ,     1
INFO: [target-app] Database heartbeat query executed in 1.4ms. [req_id=3332]                                                                   ,     0
"ERROR: [target-app] Unhandled Exception: KeyError: 'user_preferences'
Traceback (most recent call last):
File ""/app/services/user.py"", line 88, in get_user
prefs = user_data['user_preferences']
KeyError: 'user_preferences'
Context: req_id=2095"                                                                                                                          ,     1
INFO: [target-app] Database heartbeat query executed in 1.4ms. [req_id=5390]                                                                   ,     0
INFO: [target-app] Database heartbeat query executed in 1.4ms. [req_id=6642]                                                                   ,     0
INFO: [target-app] Cache hit for key 'product_catalog_v2' latency=0.2ms. [req_id=7867]                                                         ,     0
"ERROR: [target-app] Memory limit exceeded: MemoryError: unable to allocate 512MiB for buffer
Traceback (most recent call last):
File ""/app/utils/export.py"", line 15, in export_large_dataset
buffer = bytearray(512 * 1024 * 1024)
MemoryError
Context: req_id=6971"                                                                                                                          ,     1
"ERROR: [target-app] Unhandled Exception: KeyError: 'user_preferences'
Traceback (most recent call last):
File ""/app/services/user.py"", line 88, in get_user
prefs = user_data['user_preferences']
KeyError: 'user_preferences'
Context: req_id=9930"                                                                                                                          ,     1
"INFO: 10.0.0.12:49152 - ""GET /health HTTP/1.1"" 200 OK [req_id=1369]"                                                                        ,     0
INFO: [target-app] Processed request GET / successfully with status 200 OK. [req_id=8092]                                                      ,     0
"INFO: 127.0.0.1:54320 - ""GET / HTTP/1.1"" 200 OK [req_id=6764]"                                                                              ,     0
"ERROR: [target-app] Simulated Application Failure [TimeoutError]: Database connection timed out after 30000ms: host=db-replica-1.internal:5432
Traceback (most recent call last):
File ""/app/main.py"", line 50, in simulate_error
raise TimeoutError(""Database connection timed out after 30000ms: host=db-replica-1.internal:5432"")
TimeoutError: Database connection timed out after 30000ms: host=db-replica-1.internal:5432
Context: req_id=5275"                                                                                                                          ,     1
"ERROR: [target-app] Simulated Application Failure [TimeoutError]: Database connection timed out after 30000ms: host=db-replica-1.internal:5432
Traceback (most recent call last):
File ""/app/main.py"", line 50, in simulate_error
raise TimeoutError(""Database connection timed out after 30000ms: host=db-replica-1.internal:5432"")
TimeoutError: Database connection timed out after 30000ms: host=db-replica-1.internal:5432
Context: req_id=4795"                                                                                                                          ,     1
DEBUG: [target-app] Serialized response payload size=412 bytes. [req_id=6711]                                                                  ,     0
INFO: [target-app] Processed request GET / successfully with status 200 OK. [req_id=5384]                                                      ,     0
"ERROR: [target-app] HTTP 500 Internal Server Error: NullPointerException in auth verification
Traceback (most recent call last):
File ""/app/middleware/auth.py"", line 64, in authenticate
user_role = token_claims['role']
TypeError: 'NoneType' object is not subscriptable
Context: req_id=4220"                                                                                                                          ,     1
"INFO: 10.0.2.15:52130 - ""GET /metrics HTTP/1.1"" 200 OK [req_id=6928]"                                                                       ,     0
"ERROR: [target-app] Simulated Application Failure [FileNotFoundError]: Configuration file '/app/config/settings.yaml' not found in path.
Traceback (most recent call last):
File ""/app/main.py"", line 42, in simulate_error
raise FileNotFoundError(""Configuration file '/app/config/settings.yaml' not found in path."")
FileNotFoundError: Configuration file '/app/config/settings.yaml' not found in path.
Context: req_id=9224"                                                                                                                          ,     1
DEBUG: [target-app] Serialized response payload size=412 bytes. [req_id=4656]                                                                  ,     0
"ERROR: [target-app] Unhandled Exception: KeyError: 'user_preferences'
Traceback (most recent call last):
File ""/app/services/user.py"", line 88, in get_user
prefs = user_data['user_preferences']
KeyError: 'user_preferences'
Context: req_id=3314"                                                                                                                          ,     1
INFO: [target-app] Background log drain synced 45 events to collector. [req_id=6080]                                                           ,     0
"ERROR: [target-app] Simulated Application Failure [ZeroDivisionError]: division by zero
Traceback (most recent call last):
File ""/app/main.py"", line 46, in simulate_error
_ = 100 / 0
ZeroDivisionError: division by zero
Context: req_id=9856"                                                                                                                          ,     1
"ERROR: [target-app] Simulated Application Failure [TimeoutError]: Database connection timed out after 30000ms: host=db-replica-1.internal:5432
Traceback (most recent call last):
File ""/app/main.py"", line 50, in simulate_error
raise TimeoutError(""Database connection timed out after 30000ms: host=db-replica-1.internal:5432"")
TimeoutError: Database connection timed out after 30000ms: host=db-replica-1.internal:5432
Context: req_id=7185"                                                                                                                          ,     1
INFO: [target-app] User session refreshed token_id=tok_9a8f7b2c. [req_id=2200]                                                                 ,     0
"INFO: 192.168.1.100:60124 - ""POST /api/v1/login HTTP/1.1"" 200 OK [req_id=8796]"                                                             ,     0
INFO: [target-app] Cache hit for key 'product_catalog_v2' latency=0.2ms. [req_id=5902]                                                         ,     0
"ERROR: [target-app] Simulated Application Failure [FileNotFoundError]: Configuration file '/app/config/settings.yaml' not found in path.
Traceback (most recent call last):
File ""/app/main.py"", line 42, in simulate_error
raise FileNotFoundError(""Configuration file '/app/config/settings.yaml' not found in path."")
FileNotFoundError: Configuration file '/app/config/settings.yaml' not found in path.
Context: req_id=3360"                                                                                                                          ,     1
INFO: [target-app] Batch job finished successfully: processed 150 records. [req_id=6502]                                                       ,     0
"ERROR: [target-app] Simulated Application Failure [TimeoutError]: Database connection timed out after 30000ms: host=db-replica-1.internal:5432
Traceback (most recent call last):
File ""/app/main.py"", line 50, in simulate_error
raise TimeoutError(""Database connection timed out after 30000ms: host=db-replica-1.internal:5432"")
TimeoutError: Database connection timed out after 30000ms: host=db-replica-1.internal:5432
Context: req_id=3313"                                                                                                                          ,     1
"ERROR: [target-app] Memory limit exceeded: MemoryError: unable to allocate 512MiB for buffer
Traceback (most recent call last):
File ""/app/utils/export.py"", line 15, in export_large_dataset
buffer = bytearray(512 * 1024 * 1024)
MemoryError
Context: req_id=3136"                                                                                                                          ,     1
"ERROR: [target-app] Unhandled Exception: KeyError: 'user_preferences'
Traceback (most recent call last):
File ""/app/services/user.py"", line 88, in get_user
prefs = user_data['user_preferences']
KeyError: 'user_preferences'
Context: req_id=6873"                                                                                                                          ,     1
"ERROR: [target-app] Simulated Application Failure [TimeoutError]: Database connection timed out after 30000ms: host=db-replica-1.internal:5432
Traceback (most recent call last):
File ""/app/main.py"", line 50, in simulate_error
raise TimeoutError(""Database connection timed out after 30000ms: host=db-replica-1.internal:5432"")
TimeoutError: Database connection timed out after 30000ms: host=db-replica-1.internal:5432
Context: req_id=7061"                                                                                                                          ,     1
INFO: [target-app] TLS handshake completed successfully with cipher TLS_AES_256_GCM_SHA384. [req_id=4680]                                      ,     0
"INFO: 10.0.0.12:49152 - ""GET /health HTTP/1.1"" 200 OK [req_id=6253]"                                                                        ,     0
"INFO: 192.168.1.100:60124 - ""POST /api/v1/login HTTP/1.1"" 200 OK [req_id=4866]"                                                             ,     0
INFO: [target-app] Processed request GET / successfully with status 200 OK. [req_id=9742]                                                      ,     0
INFO: [target-app] Health check probe passed. All downstream dependencies reachable. [req_id=1242]                                             ,     0
INFO: [target-app] User session refreshed token_id=tok_9a8f7b2c. [req_id=2300]                                                                 ,     0
"ERROR: [target-app] HTTP 500 Internal Server Error: NullPointerException in auth verification
Traceback (most recent call last):
File ""/app/middleware/auth.py"", line 64, in authenticate
user_role = token_claims['role']
TypeError: 'NoneType' object is not subscriptable
Context: req_id=7956"                                                                                                                          ,     1
"ERROR: [target-app] Simulated Application Failure [FileNotFoundError]: Configuration file '/app/config/settings.yaml' not found in path.
Traceback (most recent call last):
File ""/app/main.py"", line 42, in simulate_error
raise FileNotFoundError(""Configuration file '/app/config/settings.yaml' not found in path."")
FileNotFoundError: Configuration file '/app/config/settings.yaml' not found in path.
Context: req_id=7376"                                                                                                                          ,     1
INFO: [target-app] Cache hit for key 'product_catalog_v2' latency=0.2ms. [req_id=6553]                                                         ,     0
"INFO: 192.168.1.100:60124 - ""POST /api/v1/login HTTP/1.1"" 200 OK [req_id=5266]"                                                             ,     0
INFO: [target-app] Background log drain synced 45 events to collector. [req_id=1657]                                                           ,     0
"ERROR: [target-app] Simulated Application Failure [ZeroDivisionError]: division by zero
Traceback (most recent call last):
File ""/app/main.py"", line 46, in simulate_error
_ = 100 / 0
ZeroDivisionError: division by zero
Context: req_id=6740"                                                                                                                          ,     1
"ERROR: [target-app] Memory limit exceeded: MemoryError: unable to allocate 512MiB for buffer
Traceback (most recent call last):
File ""/app/utils/export.py"", line 15, in export_large_dataset
buffer = bytearray(512 * 1024 * 1024)
MemoryError
Context: req_id=9176"                                                                                                                          ,     1
"INFO: 10.0.2.15:52130 - ""GET /metrics HTTP/1.1"" 200 OK [req_id=6686]"                                                                       ,     0
"ERROR: [target-app] HTTP 500 Internal Server Error: NullPointerException in auth verification
Traceback (most recent call last):
File ""/app/middleware/auth.py"", line 64, in authenticate
user_role = token_claims['role']
TypeError: 'NoneType' object is not subscriptable
Context: req_id=8096"                                                                                                                          ,     1
INFO: [target-app] User session refreshed token_id=tok_9a8f7b2c. [req_id=3542]                                                                 ,     0
INFO: [target-app] Health check probe passed. All downstream dependencies reachable. [req_id=8604]                                             ,     0
"ERROR: [target-app] Simulated Application Failure [FileNotFoundError]: Configuration file '/app/config/settings.yaml' not found in path.
Traceback (most recent call last):
File ""/app/main.py"", line 42, in simulate_error
raise FileNotFoundError(""Configuration file '/app/config/settings.yaml' not found in path."")
FileNotFoundError: Configuration file '/app/config/settings.yaml' not found in path.
Context: req_id=4221"                                                                                                                          ,     1
"ERROR: [target-app] Simulated Application Failure [ZeroDivisionError]: division by zero
Traceback (most recent call last):
File ""/app/main.py"", line 46, in simulate_error
_ = 100 / 0
ZeroDivisionError: division by zero
Context: req_id=2064"                                                                                                                          ,     1
"ERROR: [target-app] Memory limit exceeded: MemoryError: unable to allocate 512MiB for buffer
Traceback (most recent call last):
File ""/app/utils/export.py"", line 15, in export_large_dataset
buffer = bytearray(512 * 1024 * 1024)
MemoryError
Context: req_id=4042"                                                                                                                          ,     1
"ERROR: [target-app] Database query failed: OperationalError: connection refused to 10.0.1.5:5432
Traceback (most recent call last):
File ""/app/db/session.py"", line 29, in get_db
conn = psycopg2.connect(dsn)
psycopg2.OperationalError: could not connect to server: Connection refused
Context: req_id=3400"                                                                                                                          ,     1
"INFO: 172.18.0.4:38902 - ""GET /api/v1/users/profile HTTP/1.1"" 200 OK [req_id=3305]"                                                         ,     0
"ERROR: [target-app] Memory limit exceeded: MemoryError: unable to allocate 512MiB for buffer
Traceback (most recent call last):
File ""/app/utils/export.py"", line 15, in export_large_dataset
buffer = bytearray(512 * 1024 * 1024)
MemoryError
Context: req_id=9079"                                                                                                                          ,     1
INFO: [target-app] TLS handshake completed successfully with cipher TLS_AES_256_GCM_SHA384. [req_id=2246]                                      ,     0
"INFO: 127.0.0.1:44302 - ""POST /api/v1/checkout HTTP/1.1"" 201 Created [req_id=4437]"                                                         ,     0
"ERROR: [target-app] Database query failed: OperationalError: connection refused to 10.0.1.5:5432
Traceback (most recent call last):
File ""/app/db/session.py"", line 29, in get_db
conn = psycopg2.connect(dsn)
psycopg2.OperationalError: could not connect to server: Connection refused
Context: req_id=4594"                                                                                                                          ,     1
"INFO: 10.0.0.12:49152 - ""GET /health HTTP/1.1"" 200 OK [req_id=6470]"                                                                        ,     0
"INFO: 172.18.0.4:38902 - ""GET /api/v1/users/profile HTTP/1.1"" 200 OK [req_id=5743]"                                                         ,     0
"INFO: 127.0.0.1:54320 - ""GET / HTTP/1.1"" 200 OK [req_id=4500]"                                                                              ,     0
"INFO: 172.18.0.4:38902 - ""GET /api/v1/users/profile HTTP/1.1"" 200 OK [req_id=5542]"                                                         ,     0
"ERROR: [target-app] Memory limit exceeded: MemoryError: unable to allocate 512MiB for buffer
Traceback (most recent call last):
File ""/app/utils/export.py"", line 15, in export_large_dataset
buffer = bytearray(512 * 1024 * 1024)
MemoryError
Context: req_id=9782"                                                                                                                          ,     1
"ERROR: [target-app] Unhandled Exception: KeyError: 'user_preferences'
Traceback (most recent call last):
File ""/app/services/user.py"", line 88, in get_user
prefs = user_data['user_preferences']
KeyError: 'user_preferences'
Context: req_id=2095"                                                                                                                          ,     1
"ERROR: [target-app] Simulated Application Failure [TimeoutError]: Database connection timed out after 30000ms: host=db-replica-1.internal:5432
Traceback (most recent call last):
File ""/app/main.py"", line 50, in simulate_error
raise TimeoutError(""Database connection timed out after 30000ms: host=db-replica-1.internal:5432"")
TimeoutError: Database connection timed out after 30000ms: host=db-replica-1.internal:5432
Context: req_id=4468"                                                                                                                          ,     1
"INFO: 127.0.0.1:44302 - ""POST /api/v1/checkout HTTP/1.1"" 201 Created [req_id=4962]"                                                         ,     0
DEBUG: [target-app] Serialized response payload size=412 bytes. [req_id=3917]                                                                  ,     0
"INFO: 10.0.0.12:49152 - ""GET /health HTTP/1.1"" 200 OK [req_id=8075]"                                                                        ,     0
"ERROR: [target-app] Simulated Application Failure [TimeoutError]: Database connection timed out after 30000ms: host=db-replica-1.internal:5432
Traceback (most recent call last):
File ""/app/main.py"", line 50, in simulate_error
raise TimeoutError(""Database connection timed out after 30000ms: host=db-replica-1.internal:5432"")
TimeoutError: Database connection timed out after 30000ms: host=db-replica-1.internal:5432
Context: req_id=9862"                                                                                                                          ,     1
"ERROR: [target-app] Unhandled Exception: KeyError: 'user_preferences'
Traceback (most recent call last):
File ""/app/services/user.py"", line 88, in get_user
prefs = user_data['user_preferences']
KeyError: 'user_preferences'
Context: req_id=5339"                                                                                                                          ,     1
INFO: [target-app] Database heartbeat query executed in 1.4ms. [req_id=5851]                                                                   ,     0
INFO: [target-app] Cache hit for key 'product_catalog_v2' latency=0.2ms. [req_id=8213]                                                         ,     0
DEBUG: [target-app] Serialized response payload size=412 bytes. [req_id=5296]                                                                  ,     0
INFO: [target-app] Background log drain synced 45 events to collector. [req_id=6601]                                                           ,     0
"INFO: 10.0.2.15:52130 - ""GET /metrics HTTP/1.1"" 200 OK [req_id=3934]"                                                                       ,     0
"ERROR: [target-app] Simulated Application Failure [ZeroDivisionError]: division by zero
Traceback (most recent call last):
File ""/app/main.py"", line 46, in simulate_error
_ = 100 / 0
ZeroDivisionError: division by zero
Context: req_id=2512"                                                                                                                          ,     1
"ERROR: [target-app] Memory limit exceeded: MemoryError: unable to allocate 512MiB for buffer
Traceback (most recent call last):
File ""/app/utils/export.py"", line 15, in export_large_dataset
buffer = bytearray(512 * 1024 * 1024)
MemoryError
Context: req_id=9708"                                                                                                                          ,     1
"ERROR: [target-app] Database query failed: OperationalError: connection refused to 10.0.1.5:5432
Traceback (most recent call last):
File ""/app/db/session.py"", line 29, in get_db
conn = psycopg2.connect(dsn)
psycopg2.OperationalError: could not connect to server: Connection refused
Context: req_id=9138"                                                                                                                          ,     1
"ERROR: [target-app] Simulated Application Failure [TimeoutError]: Database connection timed out after 30000ms: host=db-replica-1.internal:5432
Traceback (most recent call last):
File ""/app/main.py"", line 50, in simulate_error
raise TimeoutError(""Database connection timed out after 30000ms: host=db-replica-1.internal:5432"")
TimeoutError: Database connection timed out after 30000ms: host=db-replica-1.internal:5432
Context: req_id=6583"                                                                                                                          ,     1
"ERROR: [target-app] Memory limit exceeded: MemoryError: unable to allocate 512MiB for buffer
Traceback (most recent call last):
File ""/app/utils/export.py"", line 15, in export_large_dataset
buffer = bytearray(512 * 1024 * 1024)
MemoryError
Context: req_id=1533"                                                                                                                          ,     1
INFO: [target-app] Processed request GET / successfully with status 200 OK. [req_id=2678]                                                      ,     0
INFO: [target-app] Batch job finished successfully: processed 150 records. [req_id=3112]                                                       ,     0
"ERROR: [target-app] Simulated Application Failure [TimeoutError]: Database connection timed out after 30000ms: host=db-replica-1.internal:5432
Traceback (most recent call last):
File ""/app/main.py"", line 50, in simulate_error
raise TimeoutError(""Database connection timed out after 30000ms: host=db-replica-1.internal:5432"")
TimeoutError: Database connection timed out after 30000ms: host=db-replica-1.internal:5432
Context: req_id=6141"                                                                                                                          ,     1
"INFO: 127.0.0.1:44302 - ""POST /api/v1/checkout HTTP/1.1"" 201 Created [req_id=9434]"                                                         ,     0
"INFO: 127.0.0.1:54320 - ""GET / HTTP/1.1"" 200 OK [req_id=1096]"                                                                              ,     0
"ERROR: [target-app] HTTP 500 Internal Server Error: NullPointerException in auth verification
Traceback (most recent call last):
File ""/app/middleware/auth.py"", line 64, in authenticate
user_role = token_claims['role']
TypeError: 'NoneType' object is not subscriptable
Context: req_id=9218"                                                                                                                          ,     1
INFO: [target-app] TLS handshake completed successfully with cipher TLS_AES_256_GCM_SHA384. [req_id=1104]                                      ,     0
"ERROR: [target-app] Simulated Application Failure [ZeroDivisionError]: division by zero
Traceback (most recent call last):
File ""/app/main.py"", line 46, in simulate_error
_ = 100 / 0
ZeroDivisionError: division by zero
Context: req_id=9879"                                                                                                                          ,     1
INFO: [target-app] Batch job finished successfully: processed 150 records. [req_id=2270]                                                       ,     0
INFO: [target-app] Database heartbeat query executed in 1.4ms. [req_id=4884]                                                                   ,     0
"ERROR: [target-app] Database query failed: OperationalError: connection refused to 10.0.1.5:5432
Traceback (most recent call last):
File ""/app/db/session.py"", line 29, in get_db
conn = psycopg2.connect(dsn)
psycopg2.OperationalError: could not connect to server: Connection refused
Context: req_id=1253"                                                                                                                          ,     1
"ERROR: [target-app] Simulated Application Failure [FileNotFoundError]: Configuration file '/app/config/settings.yaml' not found in path.
Traceback (most recent call last):
File ""/app/main.py"", line 42, in simulate_error
raise FileNotFoundError(""Configuration file '/app/config/settings.yaml' not found in path."")
FileNotFoundError: Configuration file '/app/config/settings.yaml' not found in path.
Context: req_id=3534"                                                                                                                          ,     1
"INFO: 10.0.0.12:49152 - ""GET /health HTTP/1.1"" 200 OK [req_id=3886]"                                                                        ,     0
"ERROR: [target-app] Simulated Application Failure [FileNotFoundError]: Configuration file '/app/config/settings.yaml' not found in path.
Traceback (most recent call last):
File ""/app/main.py"", line 42, in simulate_error
raise FileNotFoundError(""Configuration file '/app/config/settings.yaml' not found in path."")
FileNotFoundError: Configuration file '/app/config/settings.yaml' not found in path.
Context: req_id=3987"                                                                                                                          ,     1
INFO: [target-app] Database heartbeat query executed in 1.4ms. [req_id=7569]                                                                   ,     0
"ERROR: [target-app] HTTP 500 Internal Server Error: NullPointerException in auth verification
Traceback (most recent call last):
File ""/app/middleware/auth.py"", line 64, in authenticate
user_role = token_claims['role']
TypeError: 'NoneType' object is not subscriptable
Context: req_id=9099"                                                                                                                          ,     1
"ERROR: [target-app] Simulated Application Failure [ZeroDivisionError]: division by zero
Traceback (most recent call last):
File ""/app/main.py"", line 46, in simulate_error
_ = 100 / 0
ZeroDivisionError: division by zero
Context: req_id=9942"                                                                                                                          ,     1
"INFO: 172.18.0.4:38902 - ""GET /api/v1/users/profile HTTP/1.1"" 200 OK [req_id=6403]"                                                         ,     0
"INFO: 172.18.0.4:38902 - ""GET /api/v1/users/profile HTTP/1.1"" 200 OK [req_id=2505]"                                                         ,     0
"ERROR: [target-app] HTTP 500 Internal Server Error: NullPointerException in auth verification
Traceback (most recent call last):
File ""/app/middleware/auth.py"", line 64, in authenticate
user_role = token_claims['role']
TypeError: 'NoneType' object is not subscriptable
Context: req_id=1412"                                                                                                                          ,     1
INFO: [target-app] TLS handshake completed successfully with cipher TLS_AES_256_GCM_SHA384. [req_id=7996]                                      ,     0
INFO: [target-app] Database heartbeat query executed in 1.4ms. [req_id=3954]                                                                   ,     0
"ERROR: [target-app] Simulated Application Failure [FileNotFoundError]: Configuration file '/app/config/settings.yaml' not found in path.
Traceback (most recent call last):
File ""/app/main.py"", line 42, in simulate_error
raise FileNotFoundError(""Configuration file '/app/config/settings.yaml' not found in path."")
FileNotFoundError: Configuration file '/app/config/settings.yaml' not found in path.
Context: req_id=2654"                                                                                                                          ,     1
"ERROR: [target-app] Simulated Application Failure [ZeroDivisionError]: division by zero
Traceback (most recent call last):
File ""/app/main.py"", line 46, in simulate_error
_ = 100 / 0
ZeroDivisionError: division by zero
Context: req_id=5969"                                                                                                                          ,     1
INFO: [target-app] Cache hit for key 'product_catalog_v2' latency=0.2ms. [req_id=9335]                                                         ,     0
"ERROR: [target-app] Simulated Application Failure [ZeroDivisionError]: division by zero
Traceback (most recent call last):
File ""/app/main.py"", line 46, in simulate_error
_ = 100 / 0
ZeroDivisionError: division by zero
Context: req_id=2900"                                                                                                                          ,     1
"ERROR: [target-app] Memory limit exceeded: MemoryError: unable to allocate 512MiB for buffer
Traceback (most recent call last):
File ""/app/utils/export.py"", line 15, in export_large_dataset
buffer = bytearray(512 * 1024 * 1024)
MemoryError
Context: req_id=6961"                                                                                                                          ,     1
INFO: [target-app] Database heartbeat query executed in 1.4ms. [req_id=2433]                                                                   ,     0
"ERROR: [target-app] Simulated Application Failure [FileNotFoundError]: Configuration file '/app/config/settings.yaml' not found in path.
Traceback (most recent call last):
File ""/app/main.py"", line 42, in simulate_error
raise FileNotFoundError(""Configuration file '/app/config/settings.yaml' not found in path."")
FileNotFoundError: Configuration file '/app/config/settings.yaml' not found in path.
Context: req_id=9777"                                                                                                                          ,     1
"INFO: 10.0.0.12:49152 - ""GET /health HTTP/1.1"" 200 OK [req_id=5401]"                                                                        ,     0
INFO: [target-app] Background log drain synced 45 events to collector. [req_id=9297]                                                           ,     0
"ERROR: [target-app] Simulated Application Failure [ZeroDivisionError]: division by zero
Traceback (most recent call last):
File ""/app/main.py"", line 46, in simulate_error
_ = 100 / 0
ZeroDivisionError: division by zero
Context: req_id=3135"                                                                                                                          ,     1
"INFO: 10.0.2.15:52130 - ""GET /metrics HTTP/1.1"" 200 OK [req_id=6160]"                                                                       ,     0
"ERROR: [target-app] HTTP 500 Internal Server Error: NullPointerException in auth verification
Traceback (most recent call last):
File ""/app/middleware/auth.py"", line 64, in authenticate
user_role = token_claims['role']
TypeError: 'NoneType' object is not subscriptable
Context: req_id=9975"                                                                                                                          ,     1
"INFO: 10.0.0.12:49152 - ""GET /health HTTP/1.1"" 200 OK [req_id=9795]"                                                                        ,     0
"ERROR: [target-app] Simulated Application Failure [ZeroDivisionError]: division by zero
Traceback (most recent call last):
File ""/app/main.py"", line 46, in simulate_error
_ = 100 / 0
ZeroDivisionError: division by zero
Context: req_id=9534"                                                                                                                          ,     1
"INFO: 172.18.0.4:38902 - ""GET /api/v1/users/profile HTTP/1.1"" 200 OK [req_id=3707]"                                                         ,     0
"ERROR: [target-app] Simulated Application Failure [TimeoutError]: Database connection timed out after 30000ms: host=db-replica-1.internal:5432
Traceback (most recent call last):
File ""/app/main.py"", line 50, in simulate_error
raise TimeoutError(""Database connection timed out after 30000ms: host=db-replica-1.internal:5432"")
TimeoutError: Database connection timed out after 30000ms: host=db-replica-1.internal:5432
Context: req_id=2927"                                                                                                                          ,     1
"ERROR: [target-app] HTTP 500 Internal Server Error: NullPointerException in auth verification
Traceback (most recent call last):
File ""/app/middleware/auth.py"", line 64, in authenticate
user_role = token_claims['role']
TypeError: 'NoneType' object is not subscriptable
Context: req_id=5212"                                                                                                                          ,     1
"ERROR: [target-app] Simulated Application Failure [ZeroDivisionError]: division by zero
Traceback (most recent call last):
File ""/app/main.py"", line 46, in simulate_error
_ = 100 / 0
ZeroDivisionError: division by zero
Context: req_id=2338"                                                                                                                          ,     1
"ERROR: [target-app] Simulated Application Failure [TimeoutError]: Database connection timed out after 30000ms: host=db-replica-1.internal:5432
Traceback (most recent call last):
File ""/app/main.py"", line 50, in simulate_error
raise TimeoutError(""Database connection timed out after 30000ms: host=db-replica-1.internal:5432"")
TimeoutError: Database connection timed out after 30000ms: host=db-replica-1.internal:5432
Context: req_id=4589"                                                                                                                          ,     1
"ERROR: [target-app] HTTP 500 Internal Server Error: NullPointerException in auth verification
Traceback (most recent call last):
File ""/app/middleware/auth.py"", line 64, in authenticate
user_role = token_claims['role']
TypeError: 'NoneType' object is not subscriptable
Context: req_id=1919"                                                                                                                          ,     1
"ERROR: [target-app] Simulated Application Failure [TimeoutError]: Database connection timed out after 30000ms: host=db-replica-1.internal:5432
Traceback (most recent call last):
File ""/app/main.py"", line 50, in simulate_error
raise TimeoutError(""Database connection timed out after 30000ms: host=db-replica-1.internal:5432"")
TimeoutError: Database connection timed out after 30000ms: host=db-replica-1.internal:5432
Context: req_id=8216"                                                                                                                          ,     1
"INFO: 127.0.0.1:44302 - ""POST /api/v1/checkout HTTP/1.1"" 201 Created [req_id=5822]"                                                         ,     0
DEBUG: [target-app] Serialized response payload size=412 bytes. [req_id=7885]                                                                  ,     0
INFO: [target-app] Batch job finished successfully: processed 150 records. [req_id=5239]                                                       ,     0
"ERROR: [target-app] Database query failed: OperationalError: connection refused to 10.0.1.5:5432
Traceback (most recent call last):
File ""/app/db/session.py"", line 29, in get_db
conn = psycopg2.connect(dsn)
psycopg2.OperationalError: could not connect to server: Connection refused
Context: req_id=7646"                                                                                                                          ,     1
"INFO: 127.0.0.1:54320 - ""GET / HTTP/1.1"" 200 OK [req_id=9250]"                                                                              ,     0
"INFO: 172.18.0.4:38902 - ""GET /api/v1/users/profile HTTP/1.1"" 200 OK [req_id=4490]"                                                         ,     0
"ERROR: [target-app] Memory limit exceeded: MemoryError: unable to allocate 512MiB for buffer
Traceback (most recent call last):
File ""/app/utils/export.py"", line 15, in export_large_dataset
buffer = bytearray(512 * 1024 * 1024)
MemoryError
Context: req_id=3281"                                                                                                                          ,     1
"ERROR: [target-app] Unhandled Exception: KeyError: 'user_preferences'
Traceback (most recent call last):
File ""/app/services/user.py"", line 88, in get_user
prefs = user_data['user_preferences']
KeyError: 'user_preferences'
Context: req_id=2344"                                                                                                                          ,     1
DEBUG: [target-app] Serialized response payload size=412 bytes. [req_id=9943]                                                                  ,     0
"ERROR: [target-app] Database query failed: OperationalError: connection refused to 10.0.1.5:5432
Traceback (most recent call last):
File ""/app/db/session.py"", line 29, in get_db
conn = psycopg2.connect(dsn)
psycopg2.OperationalError: could not connect to server: Connection refused
Context: req_id=7039"                                                                                                                          ,     1
"ERROR: [target-app] Unhandled Exception: KeyError: 'user_preferences'
Traceback (most recent call last):
File ""/app/services/user.py"", line 88, in get_user
prefs = user_data['user_preferences']
KeyError: 'user_preferences'
Context: req_id=4081"                                                                                                                          ,     1
INFO: [target-app] User session refreshed token_id=tok_9a8f7b2c. [req_id=7068]                                                                 ,     0
INFO: [target-app] Cache hit for key 'product_catalog_v2' latency=0.2ms. [req_id=5947]                                                         ,     0
"ERROR: [target-app] Memory limit exceeded: MemoryError: unable to allocate 512MiB for buffer
Traceback (most recent call last):
File ""/app/utils/export.py"", line 15, in export_large_dataset
buffer = bytearray(512 * 1024 * 1024)
MemoryError
Context: req_id=9743"                                                                                                                          ,     1
"INFO: 172.18.0.4:38902 - ""GET /api/v1/users/profile HTTP/1.1"" 200 OK [req_id=9774]"                                                         ,     0
"ERROR: [target-app] Memory limit exceeded: MemoryError: unable to allocate 512MiB for buffer
Traceback (most recent call last):
File ""/app/utils/export.py"", line 15, in export_large_dataset
buffer = bytearray(512 * 1024 * 1024)
MemoryError
Context: req_id=4385"                                                                                                                          ,     1
"INFO: 127.0.0.1:54320 - ""GET / HTTP/1.1"" 200 OK [req_id=7801]"                                                                              ,     0
"INFO: 192.168.1.100:60124 - ""POST /api/v1/login HTTP/1.1"" 200 OK [req_id=4913]"                                                             ,     0
INFO: [target-app] Background log drain synced 45 events to collector. [req_id=5425]                                                           ,     0
"ERROR: [target-app] Database query failed: OperationalError: connection refused to 10.0.1.5:5432
Traceback (most recent call last):
File ""/app/db/session.py"", line 29, in get_db
conn = psycopg2.connect(dsn)
psycopg2.OperationalError: could not connect to server: Connection refused
Context: req_id=7937"                                                                                                                          ,     1
"INFO: 10.0.0.12:49152 - ""GET /health HTTP/1.1"" 200 OK [req_id=2702]"                                                                        ,     0
"ERROR: [target-app] Memory limit exceeded: MemoryError: unable to allocate 512MiB for buffer
Traceback (most recent call last):
File ""/app/utils/export.py"", line 15, in export_large_dataset
buffer = bytearray(512 * 1024 * 1024)
MemoryError
Context: req_id=2372"                                                                                                                          ,     1
INFO: [target-app] Processed request GET / successfully with status 200 OK. [req_id=2608]                                                      ,     0
INFO: [target-app] Health check probe passed. All downstream dependencies reachable. [req_id=3251]                                             ,     0
"INFO: 10.0.0.12:49152 - ""GET /health HTTP/1.1"" 200 OK [req_id=2076]"                                                                        ,     0
"ERROR: [target-app] Database query failed: OperationalError: connection refused to 10.0.1.5:5432
Traceback (most recent call last):
File ""/app/db/session.py"", line 29, in get_db
conn = psycopg2.connect(dsn)
psycopg2.OperationalError: could not connect to server: Connection refused
Context: req_id=2027"                                                                                                                          ,     1
"ERROR: [target-app] Simulated Application Failure [FileNotFoundError]: Configuration file '/app/config/settings.yaml' not found in path.
Traceback (most recent call last):
File ""/app/main.py"", line 42, in simulate_error
raise FileNotFoundError(""Configuration file '/app/config/settings.yaml' not found in path."")
FileNotFoundError: Configuration file '/app/config/settings.yaml' not found in path.
Context: req_id=9189"                                                                                                                          ,     1
"INFO: 10.0.2.15:52130 - ""GET /metrics HTTP/1.1"" 200 OK [req_id=7298]"                                                                       ,     0
"INFO: 10.0.2.15:52130 - ""GET /metrics HTTP/1.1"" 200 OK [req_id=9663]"                                                                       ,     0
"ERROR: [target-app] Simulated Application Failure [TimeoutError]: Database connection timed out after 30000ms: host=db-replica-1.internal:5432
Traceback (most recent call last):
File ""/app/main.py"", line 50, in simulate_error
raise TimeoutError(""Database connection timed out after 30000ms: host=db-replica-1.internal:5432"")
TimeoutError: Database connection timed out after 30000ms: host=db-replica-1.internal:5432
Context: req_id=6017"                                                                                                                          ,     1
"ERROR: [target-app] HTTP 500 Internal Server Error: NullPointerException in auth verification
Traceback (most recent call last):
File ""/app/middleware/auth.py"", line 64, in authenticate
user_role = token_claims['role']
TypeError: 'NoneType' object is not subscriptable
Context: req_id=8088"                                                                                                                          ,     1
INFO: [target-app] Processed request GET / successfully with status 200 OK. [req_id=9789]                                                      ,     0
"INFO: 10.0.2.15:52130 - ""GET /metrics HTTP/1.1"" 200 OK [req_id=3904]"                                                                       ,     0
"INFO: 172.18.0.4:38902 - ""GET /api/v1/users/profile HTTP/1.1"" 200 OK [req_id=8143]"                                                         ,     0
"ERROR: [target-app] Unhandled Exception: KeyError: 'user_preferences'
Traceback (most recent call last):
File ""/app/services/user.py"", line 88, in get_user
prefs = user_data['user_preferences']
KeyError: 'user_preferences'
Context: req_id=6033"                                                                                                                          ,     1
INFO: [target-app] Background log drain synced 45 events to collector. [req_id=2212]                                                           ,     0
"ERROR: [target-app] HTTP 500 Internal Server Error: NullPointerException in auth verification
Traceback (most recent call last):
File ""/app/middleware/auth.py"", line 64, in authenticate
user_role = token_claims['role']
TypeError: 'NoneType' object is not subscriptable
Context: req_id=9502"                                                                                                                          ,     1
"INFO: 127.0.0.1:54320 - ""GET / HTTP/1.1"" 200 OK [req_id=8208]"                                                                              ,     0
"INFO: 10.0.0.12:49152 - ""GET /health HTTP/1.1"" 200 OK [req_id=2440]"                                                                        ,     0
INFO: [target-app] Batch job finished successfully: processed 150 records. [req_id=6047]                                                       ,     0
INFO: [target-app] Health check probe passed. All downstream dependencies reachable. [req_id=9454]                                             ,     0
"ERROR: [target-app] Simulated Application Failure [ZeroDivisionError]: division by zero
Traceback (most recent call last):
File ""/app/main.py"", line 46, in simulate_error
_ = 100 / 0
ZeroDivisionError: division by zero
Context: req_id=7127"                                                                                                                          ,     1
"ERROR: [target-app] Simulated Application Failure [TimeoutError]: Database connection timed out after 30000ms: host=db-replica-1.internal:5432
Traceback (most recent call last):
File ""/app/main.py"", line 50, in simulate_error
raise TimeoutError(""Database connection timed out after 30000ms: host=db-replica-1.internal:5432"")
TimeoutError: Database connection timed out after 30000ms: host=db-replica-1.internal:5432
Context: req_id=4877"                                                                                                                          ,     1
"ERROR: [target-app] Database query failed: OperationalError: connection refused to 10.0.1.5:5432
Traceback (most recent call last):
File ""/app/db/session.py"", line 29, in get_db
conn = psycopg2.connect(dsn)
psycopg2.OperationalError: could not connect to server: Connection refused
Context: req_id=2620"                                                                                                                          ,     1
"INFO: 127.0.0.1:54320 - ""GET / HTTP/1.1"" 200 OK [req_id=5243]"                                                                              ,     0
INFO: [target-app] Cache hit for key 'product_catalog_v2' latency=0.2ms. [req_id=8094]                                                         ,     0
"INFO: 192.168.1.100:60124 - ""POST /api/v1/login HTTP/1.1"" 200 OK [req_id=7364]"                                                             ,     0
INFO: [target-app] User session refreshed token_id=tok_9a8f7b2c. [req_id=5808]                                                                 ,     0
INFO: [target-app] Background log drain synced 45 events to collector. [req_id=8737]                                                           ,     0
"INFO: 127.0.0.1:54320 - ""GET / HTTP/1.1"" 200 OK [req_id=9014]"                                                                              ,     0
"ERROR: [target-app] Memory limit exceeded: MemoryError: unable to allocate 512MiB for buffer
Traceback (most recent call last):
File ""/app/utils/export.py"", line 15, in export_large_dataset
buffer = bytearray(512 * 1024 * 1024)
MemoryError
Context: req_id=3900"                                                                                                                          ,     1
"ERROR: [target-app] Unhandled Exception: KeyError: 'user_preferences'
Traceback (most recent call last):
File ""/app/services/user.py"", line 88, in get_user
prefs = user_data['user_preferences']
KeyError: 'user_preferences'
Context: req_id=3673"                                                                                                                          ,     1
INFO: [target-app] Processed request GET / successfully with status 200 OK. [req_id=4803]                                                      ,     0
INFO: [target-app] Background log drain synced 45 events to collector. [req_id=9083]                                                           ,     0
"INFO: 10.0.2.15:52130 - ""GET /metrics HTTP/1.1"" 200 OK [req_id=6748]"                                                                       ,     0
"ERROR: [target-app] HTTP 500 Internal Server Error: NullPointerException in auth verification
Traceback (most recent call last):
File ""/app/middleware/auth.py"", line 64, in authenticate
user_role = token_claims['role']
TypeError: 'NoneType' object is not subscriptable
Context: req_id=5759"                                                                                                                          ,     1
INFO: [target-app] Cache hit for key 'product_catalog_v2' latency=0.2ms. [req_id=7817]                                                         ,     0
"ERROR: [target-app] Simulated Application Failure [FileNotFoundError]: Configuration file '/app/config/settings.yaml' not found in path.
Traceback (most recent call last):
File ""/app/main.py"", line 42, in simulate_error
raise FileNotFoundError(""Configuration file '/app/config/settings.yaml' not found in path."")
FileNotFoundError: Configuration file '/app/config/settings.yaml' not found in path.
Context: req_id=6582"                                                                                                                          ,     1
INFO: [target-app] Health check probe passed. All downstream dependencies reachable. [req_id=9743]                                             ,     0
"ERROR: [target-app] Simulated Application Failure [FileNotFoundError]: Configuration file '/app/config/settings.yaml' not found in path.
Traceback (most recent call last):
File ""/app/main.py"", line 42, in simulate_error
raise FileNotFoundError(""Configuration file '/app/config/settings.yaml' not found in path."")
FileNotFoundError: Configuration file '/app/config/settings.yaml' not found in path.
Context: req_id=6892"                                                                                                                          ,     1
INFO: [target-app] TLS handshake completed successfully with cipher TLS_AES_256_GCM_SHA384. [req_id=7446]                                      ,     0
INFO: [target-app] Background log drain synced 45 events to collector. [req_id=4014]                                                           ,     0
"INFO: 192.168.1.100:60124 - ""POST /api/v1/login HTTP/1.1"" 200 OK [req_id=1229]"                                                             ,     0
INFO: [target-app] TLS handshake completed successfully with cipher TLS_AES_256_GCM_SHA384. [req_id=2733]                                      ,     0
"ERROR: [target-app] Memory limit exceeded: MemoryError: unable to allocate 512MiB for buffer
Traceback (most recent call last):
File ""/app/utils/export.py"", line 15, in export_large_dataset
buffer = bytearray(512 * 1024 * 1024)
MemoryError
Context: req_id=1403"                                                                                                                          ,     1
"ERROR: [target-app] Simulated Application Failure [TimeoutError]: Database connection timed out after 30000ms: host=db-replica-1.internal:5432
Traceback (most recent call last):
File ""/app/main.py"", line 50, in simulate_error
raise TimeoutError(""Database connection timed out after 30000ms: host=db-replica-1.internal:5432"")
TimeoutError: Database connection timed out after 30000ms: host=db-replica-1.internal:5432
Context: req_id=3389"                                                                                                                          ,     1
"ERROR: [target-app] Database query failed: OperationalError: connection refused to 10.0.1.5:5432
Traceback (most recent call last):
File ""/app/db/session.py"", line 29, in get_db
conn = psycopg2.connect(dsn)
psycopg2.OperationalError: could not connect to server: Connection refused
Context: req_id=3883"                                                                                                                          ,     1
"ERROR: [target-app] Memory limit exceeded: MemoryError: unable to allocate 512MiB for buffer
Traceback (most recent call last):
File ""/app/utils/export.py"", line 15, in export_large_dataset
buffer = bytearray(512 * 1024 * 1024)
MemoryError
Context: req_id=1439"                                                                                                                          ,     1
"ERROR: [target-app] HTTP 500 Internal Server Error: NullPointerException in auth verification
Traceback (most recent call last):
File ""/app/middleware/auth.py"", line 64, in authenticate
user_role = token_claims['role']
TypeError: 'NoneType' object is not subscriptable
Context: req_id=3525"                                                                                                                          ,     1
"ERROR: [target-app] Simulated Application Failure [FileNotFoundError]: Configuration file '/app/config/settings.yaml' not found in path.
Traceback (most recent call last):
File ""/app/main.py"", line 42, in simulate_error
raise FileNotFoundError(""Configuration file '/app/config/settings.yaml' not found in path."")
FileNotFoundError: Configuration file '/app/config/settings.yaml' not found in path.
Context: req_id=3169"                                                                                                                          ,     1
INFO: [target-app] Cache hit for key 'product_catalog_v2' latency=0.2ms. [req_id=4905]                                                         ,     0
"ERROR: [target-app] Unhandled Exception: KeyError: 'user_preferences'
Traceback (most recent call last):
File ""/app/services/user.py"", line 88, in get_user
prefs = user_data['user_preferences']
KeyError: 'user_preferences'
Context: req_id=4544"                                                                                                                          ,     1
"INFO: 10.0.0.12:49152 - ""GET /health HTTP/1.1"" 200 OK [req_id=5951]"                                                                        ,     0
"INFO: 192.168.1.100:60124 - ""POST /api/v1/login HTTP/1.1"" 200 OK [req_id=5588]"                                                             ,     0
"ERROR: [target-app] Unhandled Exception: KeyError: 'user_preferences'
Traceback (most recent call last):
File ""/app/services/user.py"", line 88, in get_user
prefs = user_data['user_preferences']
KeyError: 'user_preferences'
Context: req_id=7014"                                                                                                                          ,     1
"INFO: 127.0.0.1:44302 - ""POST /api/v1/checkout HTTP/1.1"" 201 Created [req_id=7637]"                                                         ,     0
"ERROR: [target-app] HTTP 500 Internal Server Error: NullPointerException in auth verification
Traceback (most recent call last):
File ""/app/middleware/auth.py"", line 64, in authenticate
user_role = token_claims['role']
TypeError: 'NoneType' object is not subscriptable
Context: req_id=7693"                                                                                                                          ,     1
"ERROR: [target-app] Simulated Application Failure [ZeroDivisionError]: division by zero
Traceback (most recent call last):
File ""/app/main.py"", line 46, in simulate_error
_ = 100 / 0
ZeroDivisionError: division by zero
Context: req_id=4392"                                                                                                                          ,     1
"ERROR: [target-app] Memory limit exceeded: MemoryError: unable to allocate 512MiB for buffer
Traceback (most recent call last):
File ""/app/utils/export.py"", line 15, in export_large_dataset
buffer = bytearray(512 * 1024 * 1024)
MemoryError
Context: req_id=6127"                                                                                                                          ,     1
"ERROR: [target-app] Memory limit exceeded: MemoryError: unable to allocate 512MiB for buffer
Traceback (most recent call last):
File ""/app/utils/export.py"", line 15, in export_large_dataset
buffer = bytearray(512 * 1024 * 1024)
MemoryError
Context: req_id=8680"                                                                                                                          ,     1
INFO: [target-app] Cache hit for key 'product_catalog_v2' latency=0.2ms. [req_id=9267]                                                         ,     0
"INFO: 10.0.0.12:49152 - ""GET /health HTTP/1.1"" 200 OK [req_id=2887]"                                                                        ,     0
"ERROR: [target-app] Simulated Application Failure [FileNotFoundError]: Configuration file '/app/config/settings.yaml' not found in path.
Traceback (most recent call last):
File ""/app/main.py"", line 42, in simulate_error
raise FileNotFoundError(""Configuration file '/app/config/settings.yaml' not found in path."")
FileNotFoundError: Configuration file '/app/config/settings.yaml' not found in path.
Context: req_id=6472"                                                                                                                          ,     1
"ERROR: [target-app] Simulated Application Failure [TimeoutError]: Database connection timed out after 30000ms: host=db-replica-1.internal:5432
Traceback (most recent call last):
File ""/app/main.py"", line 50, in simulate_error
raise TimeoutError(""Database connection timed out after 30000ms: host=db-replica-1.internal:5432"")
TimeoutError: Database connection timed out after 30000ms: host=db-replica-1.internal:5432
Context: req_id=5694"                                                                                                                          ,     1
"ERROR: [target-app] Simulated Application Failure [FileNotFoundError]: Configuration file '/app/config/settings.yaml' not found in path.
Traceback (most recent call last):
File ""/app/main.py"", line 42, in simulate_error
raise FileNotFoundError(""Configuration file '/app/config/settings.yaml' not found in path."")
FileNotFoundError: Configuration file '/app/config/settings.yaml' not found in path.
Context: req_id=6403"                                                                                                                          ,     1
"INFO: 10.0.2.15:52130 - ""GET /metrics HTTP/1.1"" 200 OK [req_id=4540]"                                                                       ,     0
"ERROR: [target-app] Simulated Application Failure [FileNotFoundError]: Configuration file '/app/config/settings.yaml' not found in path.
Traceback (most recent call last):
File ""/app/main.py"", line 42, in simulate_error
raise FileNotFoundError(""Configuration file '/app/config/settings.yaml' not found in path."")
FileNotFoundError: Configuration file '/app/config/settings.yaml' not found in path.
Context: req_id=8765"                                                                                                                          ,     1
INFO: [target-app] User session refreshed token_id=tok_9a8f7b2c. [req_id=3882]                                                                 ,     0
"ERROR: [target-app] Unhandled Exception: KeyError: 'user_preferences'
Traceback (most recent call last):
File ""/app/services/user.py"", line 88, in get_user
prefs = user_data['user_preferences']
KeyError: 'user_preferences'
Context: req_id=5489"                                                                                                                          ,     1
"INFO: 172.18.0.4:38902 - ""GET /api/v1/users/profile HTTP/1.1"" 200 OK [req_id=8280]"                                                         ,     0
"ERROR: [target-app] Unhandled Exception: KeyError: 'user_preferences'
Traceback (most recent call last):
File ""/app/services/user.py"", line 88, in get_user
prefs = user_data['user_preferences']
KeyError: 'user_preferences'
Context: req_id=1641"                                                                                                                          ,     1
"ERROR: [target-app] Simulated Application Failure [TimeoutError]: Database connection timed out after 30000ms: host=db-replica-1.internal:5432
Traceback (most recent call last):
File ""/app/main.py"", line 50, in simulate_error
raise TimeoutError(""Database connection timed out after 30000ms: host=db-replica-1.internal:5432"")
TimeoutError: Database connection timed out after 30000ms: host=db-replica-1.internal:5432
Context: req_id=9867"                                                                                                                          ,     1
"ERROR: [target-app] HTTP 500 Internal Server Error: NullPointerException in auth verification
Traceback (most recent call last):
File ""/app/middleware/auth.py"", line 64, in authenticate
user_role = token_claims['role']
TypeError: 'NoneType' object is not subscriptable
Context: req_id=8952"                                                                                                                          ,     1
"ERROR: [target-app] Database query failed: OperationalError: connection refused to 10.0.1.5:5432
Traceback (most recent call last):
File ""/app/db/session.py"", line 29, in get_db
conn = psycopg2.connect(dsn)
psycopg2.OperationalError: could not connect to server: Connection refused
Context: req_id=2032"                                                                                                                          ,     1
"ERROR: [target-app] Memory limit exceeded: MemoryError: unable to allocate 512MiB for buffer
Traceback (most recent call last):
File ""/app/utils/export.py"", line 15, in export_large_dataset
buffer = bytearray(512 * 1024 * 1024)
MemoryError
Context: req_id=8432"                                                                                                                          ,     1
"ERROR: [target-app] Memory limit exceeded: MemoryError: unable to allocate 512MiB for buffer
Traceback (most recent call last):
File ""/app/utils/export.py"", line 15, in export_large_dataset
buffer = bytearray(512 * 1024 * 1024)
MemoryError
Context: req_id=8828"                                                                                                                          ,     1
INFO: [target-app] Processed request GET / successfully with status 200 OK. [req_id=5563]                                                      ,     0
"INFO: 127.0.0.1:44302 - ""POST /api/v1/checkout HTTP/1.1"" 201 Created [req_id=1984]"                                                         ,     0
"INFO: 192.168.1.100:60124 - ""POST /api/v1/login HTTP/1.1"" 200 OK [req_id=8547]"                                                             ,     0
"ERROR: [target-app] Database query failed: OperationalError: connection refused to 10.0.1.5:5432
Traceback (most recent call last):
File ""/app/db/session.py"", line 29, in get_db
conn = psycopg2.connect(dsn)
psycopg2.OperationalError: could not connect to server: Connection refused
Context: req_id=8671"                                                                                                                          ,     1
"INFO: 127.0.0.1:44302 - ""POST /api/v1/checkout HTTP/1.1"" 201 Created [req_id=3157]"                                                         ,     0
"ERROR: [target-app] Unhandled Exception: KeyError: 'user_preferences'
Traceback (most recent call last):
File ""/app/services/user.py"", line 88, in get_user
prefs = user_data['user_preferences']
KeyError: 'user_preferences'
Context: req_id=8805"                                                                                                                          ,     1
"ERROR: [target-app] Simulated Application Failure [TimeoutError]: Database connection timed out after 30000ms: host=db-replica-1.internal:5432
Traceback (most recent call last):
File ""/app/main.py"", line 50, in simulate_error
raise TimeoutError(""Database connection timed out after 30000ms: host=db-replica-1.internal:5432"")
TimeoutError: Database connection timed out after 30000ms: host=db-replica-1.internal:5432
Context: req_id=8946"                                                                                                                          ,     1
"ERROR: [target-app] Simulated Application Failure [FileNotFoundError]: Configuration file '/app/config/settings.yaml' not found in path.
Traceback (most recent call last):
File ""/app/main.py"", line 42, in simulate_error
raise FileNotFoundError(""Configuration file '/app/config/settings.yaml' not found in path."")
FileNotFoundError: Configuration file '/app/config/settings.yaml' not found in path.
Context: req_id=7341"                                                                                                                          ,     1
INFO: [target-app] Cache hit for key 'product_catalog_v2' latency=0.2ms. [req_id=7261]                                                         ,     0
INFO: [target-app] User session refreshed token_id=tok_9a8f7b2c. [req_id=6767]                                                                 ,     0
"INFO: 10.0.2.15:52130 - ""GET /metrics HTTP/1.1"" 200 OK [req_id=2738]"                                                                       ,     0
"ERROR: [target-app] Database query failed: OperationalError: connection refused to 10.0.1.5:5432
Traceback (most recent call last):
File ""/app/db/session.py"", line 29, in get_db
conn = psycopg2.connect(dsn)
psycopg2.OperationalError: could not connect to server: Connection refused
Context: req_id=3829"                                                                                                                          ,     1
"ERROR: [target-app] Simulated Application Failure [TimeoutError]: Database connection timed out after 30000ms: host=db-replica-1.internal:5432
Traceback (most recent call last):
File ""/app/main.py"", line 50, in simulate_error
raise TimeoutError(""Database connection timed out after 30000ms: host=db-replica-1.internal:5432"")
TimeoutError: Database connection timed out after 30000ms: host=db-replica-1.internal:5432
Context: req_id=2960"                                                                                                                          ,     1
"INFO: 172.18.0.4:38902 - ""GET /api/v1/users/profile HTTP/1.1"" 200 OK [req_id=3258]"                                                         ,     0
"ERROR: [target-app] Simulated Application Failure [ZeroDivisionError]: division by zero
Traceback (most recent call last):
File ""/app/main.py"", line 46, in simulate_error
_ = 100 / 0
ZeroDivisionError: division by zero
Context: req_id=8708"                                                                                                                          ,     1
INFO: [target-app] Database heartbeat query executed in 1.4ms. [req_id=5600]                                                                   ,     0
"INFO: 127.0.0.1:54320 - ""GET / HTTP/1.1"" 200 OK [req_id=1888]"                                                                              ,     0
"ERROR: [target-app] Simulated Application Failure [ZeroDivisionError]: division by zero
Traceback (most recent call last):
File ""/app/main.py"", line 46, in simulate_error
_ = 100 / 0
ZeroDivisionError: division by zero
Context: req_id=1870"                                                                                                                          ,     1
INFO: [target-app] Batch job finished successfully: processed 150 records. [req_id=6717]                                                       ,     0
"ERROR: [target-app] Unhandled Exception: KeyError: 'user_preferences'
Traceback (most recent call last):
File ""/app/services/user.py"", line 88, in get_user
prefs = user_data['user_preferences']
KeyError: 'user_preferences'
Context: req_id=9655"                                                                                                                          ,     1
"ERROR: [target-app] Simulated Application Failure [TimeoutError]: Database connection timed out after 30000ms: host=db-replica-1.internal:5432
Traceback (most recent call last):
File ""/app/main.py"", line 50, in simulate_error
raise TimeoutError(""Database connection timed out after 30000ms: host=db-replica-1.internal:5432"")
TimeoutError: Database connection timed out after 30000ms: host=db-replica-1.internal:5432
Context: req_id=4812"                                                                                                                          ,     1
"ERROR: [target-app] Unhandled Exception: KeyError: 'user_preferences'
Traceback (most recent call last):
File ""/app/services/user.py"", line 88, in get_user
prefs = user_data['user_preferences']
KeyError: 'user_preferences'
Context: req_id=4512"                                                                                                                          ,     1
"ERROR: [target-app] Simulated Application Failure [FileNotFoundError]: Configuration file '/app/config/settings.yaml' not found in path.
Traceback (most recent call last):
File ""/app/main.py"", line 42, in simulate_error
raise FileNotFoundError(""Configuration file '/app/config/settings.yaml' not found in path."")
FileNotFoundError: Configuration file '/app/config/settings.yaml' not found in path.
Context: req_id=4949"                                                                                                                          ,     1
"ERROR: [target-app] Simulated Application Failure [ZeroDivisionError]: division by zero
Traceback (most recent call last):
File ""/app/main.py"", line 46, in simulate_error
_ = 100 / 0
ZeroDivisionError: division by zero
Context: req_id=6536"                                                                                                                          ,     1
"ERROR: [target-app] Database query failed: OperationalError: connection refused to 10.0.1.5:5432
Traceback (most recent call last):
File ""/app/db/session.py"", line 29, in get_db
conn = psycopg2.connect(dsn)
psycopg2.OperationalError: could not connect to server: Connection refused
Context: req_id=6442"                                                                                                                          ,     1
"ERROR: [target-app] HTTP 500 Internal Server Error: NullPointerException in auth verification
Traceback (most recent call last):
File ""/app/middleware/auth.py"", line 64, in authenticate
user_role = token_claims['role']
TypeError: 'NoneType' object is not subscriptable
Context: req_id=1400"                                                                                                                          ,     1
"ERROR: [target-app] Simulated Application Failure [ZeroDivisionError]: division by zero
Traceback (most recent call last):
File ""/app/main.py"", line 46, in simulate_error
_ = 100 / 0
ZeroDivisionError: division by zero
Context: req_id=3832"                                                                                                                          ,     1
INFO: [target-app] Processed request GET / successfully with status 200 OK. [req_id=6273]                                                      ,     0
"ERROR: [target-app] HTTP 500 Internal Server Error: NullPointerException in auth verification
Traceback (most recent call last):
File ""/app/middleware/auth.py"", line 64, in authenticate
user_role = token_claims['role']
TypeError: 'NoneType' object is not subscriptable
Context: req_id=4993"                                                                                                                          ,     1
"INFO: 127.0.0.1:54320 - ""GET / HTTP/1.1"" 200 OK [req_id=5904]"                                                                              ,     0
"ERROR: [target-app] Unhandled Exception: KeyError: 'user_preferences'
Traceback (most recent call last):
File ""/app/services/user.py"", line 88, in get_user
prefs = user_data['user_preferences']
KeyError: 'user_preferences'
Context: req_id=6615"                                                                                                                          ,     1
INFO: [target-app] Batch job finished successfully: processed 150 records. [req_id=3731]                                                       ,     0
DEBUG: [target-app] Serialized response payload size=412 bytes. [req_id=2807]                                                                  ,     0
"INFO: 172.18.0.4:38902 - ""GET /api/v1/users/profile HTTP/1.1"" 200 OK [req_id=4748]"                                                         ,     0
"ERROR: [target-app] Simulated Application Failure [ZeroDivisionError]: division by zero
Traceback (most recent call last):
File ""/app/main.py"", line 46, in simulate_error
_ = 100 / 0
ZeroDivisionError: division by zero
Context: req_id=6805"                                                                                                                          ,     1
"ERROR: [target-app] Simulated Application Failure [TimeoutError]: Database connection timed out after 30000ms: host=db-replica-1.internal:5432
Traceback (most recent call last):
File ""/app/main.py"", line 50, in simulate_error
raise TimeoutError(""Database connection timed out after 30000ms: host=db-replica-1.internal:5432"")
TimeoutError: Database connection timed out after 30000ms: host=db-replica-1.internal:5432
Context: req_id=6583"                                                                                                                          ,     1
"INFO: 192.168.1.100:60124 - ""POST /api/v1/login HTTP/1.1"" 200 OK [req_id=8866]"                                                             ,     0
INFO: [target-app] User session refreshed token_id=tok_9a8f7b2c. [req_id=1757]                                                                 ,     0
"ERROR: [target-app] Database query failed: OperationalError: connection refused to 10.0.1.5:5432
Traceback (most recent call last):
File ""/app/db/session.py"", line 29, in get_db
conn = psycopg2.connect(dsn)
psycopg2.OperationalError: could not connect to server: Connection refused
Context: req_id=2313"                                                                                                                          ,     1
INFO: [target-app] Batch job finished successfully: processed 150 records. [req_id=7150]                                                       ,     0
"ERROR: [target-app] HTTP 500 Internal Server Error: NullPointerException in auth verification
Traceback (most recent call last):
File ""/app/middleware/auth.py"", line 64, in authenticate
user_role = token_claims['role']
TypeError: 'NoneType' object is not subscriptable
Context: req_id=4535"                                                                                                                          ,     1
"ERROR: [target-app] Memory limit exceeded: MemoryError: unable to allocate 512MiB for buffer
Traceback (most recent call last):
File ""/app/utils/export.py"", line 15, in export_large_dataset
buffer = bytearray(512 * 1024 * 1024)
MemoryError
Context: req_id=2989"                                                                                                                          ,     1
INFO: [target-app] Cache hit for key 'product_catalog_v2' latency=0.2ms. [req_id=1263]                                                         ,     0
"INFO: 192.168.1.100:60124 - ""POST /api/v1/login HTTP/1.1"" 200 OK [req_id=4117]"                                                             ,     0
"INFO: 10.0.0.12:49152 - ""GET /health HTTP/1.1"" 200 OK [req_id=8520]"                                                                        ,     0
"INFO: 127.0.0.1:54320 - ""GET / HTTP/1.1"" 200 OK [req_id=2254]"                                                                              ,     0
"ERROR: [target-app] Memory limit exceeded: MemoryError: unable to allocate 512MiB for buffer
Traceback (most recent call last):
File ""/app/utils/export.py"", line 15, in export_large_dataset
buffer = bytearray(512 * 1024 * 1024)
MemoryError
Context: req_id=5528"                                                                                                                          ,     1
"ERROR: [target-app] HTTP 500 Internal Server Error: NullPointerException in auth verification
Traceback (most recent call last):
File ""/app/middleware/auth.py"", line 64, in authenticate
user_role = token_claims['role']
TypeError: 'NoneType' object is not subscriptable
Context: req_id=1964"                                                                                                                          ,     1
"ERROR: [target-app] HTTP 500 Internal Server Error: NullPointerException in auth verification
Traceback (most recent call last):
File ""/app/middleware/auth.py"", line 64, in authenticate
user_role = token_claims['role']
TypeError: 'NoneType' object is not subscriptable
Context: req_id=6023"                                                                                                                          ,     1
"ERROR: [target-app] Database query failed: OperationalError: connection refused to 10.0.1.5:5432
Traceback (most recent call last):
File ""/app/db/session.py"", line 29, in get_db
conn = psycopg2.connect(dsn)
psycopg2.OperationalError: could not connect to server: Connection refused
Context: req_id=5342"                                                                                                                          ,     1
"ERROR: [target-app] Simulated Application Failure [TimeoutError]: Database connection timed out after 30000ms: host=db-replica-1.internal:5432
Traceback (most recent call last):
File ""/app/main.py"", line 50, in simulate_error
raise TimeoutError(""Database connection timed out after 30000ms: host=db-replica-1.internal:5432"")
TimeoutError: Database connection timed out after 30000ms: host=db-replica-1.internal:5432
Context: req_id=6107"                                                                                                                          ,     1
INFO: [target-app] Batch job finished successfully: processed 150 records. [req_id=1732]                                                       ,     0
"ERROR: [target-app] Simulated Application Failure [TimeoutError]: Database connection timed out after 30000ms: host=db-replica-1.internal:5432
Traceback (most recent call last):
File ""/app/main.py"", line 50, in simulate_error
raise TimeoutError(""Database connection timed out after 30000ms: host=db-replica-1.internal:5432"")
TimeoutError: Database connection timed out after 30000ms: host=db-replica-1.internal:5432
Context: req_id=1165"                                                                                                                          ,     1
"INFO: 172.18.0.4:38902 - ""GET /api/v1/users/profile HTTP/1.1"" 200 OK [req_id=4657]"                                                         ,     0
"ERROR: [target-app] Simulated Application Failure [ZeroDivisionError]: division by zero
Traceback (most recent call last):
File ""/app/main.py"", line 46, in simulate_error
_ = 100 / 0
ZeroDivisionError: division by zero
Context: req_id=4090"                                                                                                                          ,     1
INFO: [target-app] Health check probe passed. All downstream dependencies reachable. [req_id=8200]                                             ,     0
"ERROR: [target-app] Memory limit exceeded: MemoryError: unable to allocate 512MiB for buffer
Traceback (most recent call last):
File ""/app/utils/export.py"", line 15, in export_large_dataset
buffer = bytearray(512 * 1024 * 1024)
MemoryError
Context: req_id=3353"                                                                                                                          ,     1
"ERROR: [target-app] Database query failed: OperationalError: connection refused to 10.0.1.5:5432
Traceback (most recent call last):
File ""/app/db/session.py"", line 29, in get_db
conn = psycopg2.connect(dsn)
psycopg2.OperationalError: could not connect to server: Connection refused
Context: req_id=7690"                                                                                                                          ,     1
INFO: [target-app] Health check probe passed. All downstream dependencies reachable. [req_id=9114]                                             ,     0
INFO: [target-app] User session refreshed token_id=tok_9a8f7b2c. [req_id=7788]                                                                 ,     0
"ERROR: [target-app] Memory limit exceeded: MemoryError: unable to allocate 512MiB for buffer
Traceback (most recent call last):
File ""/app/utils/export.py"", line 15, in export_large_dataset
buffer = bytearray(512 * 1024 * 1024)
MemoryError
Context: req_id=8748"                                                                                                                          ,     1
DEBUG: [target-app] Serialized response payload size=412 bytes. [req_id=1228]                                                                  ,     0
"ERROR: [target-app] HTTP 500 Internal Server Error: NullPointerException in auth verification
Traceback (most recent call last):
File ""/app/middleware/auth.py"", line 64, in authenticate
user_role = token_claims['role']
TypeError: 'NoneType' object is not subscriptable
Context: req_id=4063"                                                                                                                          ,     1
"INFO: 127.0.0.1:44302 - ""POST /api/v1/checkout HTTP/1.1"" 201 Created [req_id=2713]"                                                         ,     0
"ERROR: [target-app] HTTP 500 Internal Server Error: NullPointerException in auth verification
Traceback (most recent call last):
File ""/app/middleware/auth.py"", line 64, in authenticate
user_role = token_claims['role']
TypeError: 'NoneType' object is not subscriptable
Context: req_id=3334"                                                                                                                          ,     1
"INFO: 127.0.0.1:54320 - ""GET / HTTP/1.1"" 200 OK [req_id=3887]"                                                                              ,     0
"ERROR: [target-app] Memory limit exceeded: MemoryError: unable to allocate 512MiB for buffer
Traceback (most recent call last):
File ""/app/utils/export.py"", line 15, in export_large_dataset
buffer = bytearray(512 * 1024 * 1024)
MemoryError
Context: req_id=9800"                                                                                                                          ,     1
INFO: [target-app] Cache hit for key 'product_catalog_v2' latency=0.2ms. [req_id=9922]                                                         ,     0
"ERROR: [target-app] Unhandled Exception: KeyError: 'user_preferences'
Traceback (most recent call last):
File ""/app/services/user.py"", line 88, in get_user
prefs = user_data['user_preferences']
KeyError: 'user_preferences'
Context: req_id=2172"                                                                                                                          ,     1
INFO: [target-app] Cache hit for key 'product_catalog_v2' latency=0.2ms. [req_id=8094]                                                         ,     0
"INFO: 192.168.1.100:60124 - ""POST /api/v1/login HTTP/1.1"" 200 OK [req_id=8035]"                                                             ,     0
DEBUG: [target-app] Serialized response payload size=412 bytes. [req_id=8260]                                                                  ,     0
"ERROR: [target-app] Simulated Application Failure [TimeoutError]: Database connection timed out after 30000ms: host=db-replica-1.internal:5432
Traceback (most recent call last):
File ""/app/main.py"", line 50, in simulate_error
raise TimeoutError(""Database connection timed out after 30000ms: host=db-replica-1.internal:5432"")
TimeoutError: Database connection timed out after 30000ms: host=db-replica-1.internal:5432
Context: req_id=3629"                                                                                                                          ,     1
"INFO: 10.0.2.15:52130 - ""GET /metrics HTTP/1.1"" 200 OK [req_id=6942]"                                                                       ,     0
"INFO: 10.0.2.15:52130 - ""GET /metrics HTTP/1.1"" 200 OK [req_id=8746]"                                                                       ,     0
"ERROR: [target-app] Simulated Application Failure [FileNotFoundError]: Configuration file '/app/config/settings.yaml' not found in path.
Traceback (most recent call last):
File ""/app/main.py"", line 42, in simulate_error
raise FileNotFoundError(""Configuration file '/app/config/settings.yaml' not found in path."")
FileNotFoundError: Configuration file '/app/config/settings.yaml' not found in path.
Context: req_id=1284"                                                                                                                          ,     1
"ERROR: [target-app] Simulated Application Failure [ZeroDivisionError]: division by zero
Traceback (most recent call last):
File ""/app/main.py"", line 46, in simulate_error
_ = 100 / 0
ZeroDivisionError: division by zero
Context: req_id=6107"                                                                                                                          ,     1
"INFO: 10.0.2.15:52130 - ""GET /metrics HTTP/1.1"" 200 OK [req_id=7415]"                                                                       ,     0
"ERROR: [target-app] Simulated Application Failure [ZeroDivisionError]: division by zero
Traceback (most recent call last):
File ""/app/main.py"", line 46, in simulate_error
_ = 100 / 0
ZeroDivisionError: division by zero
Context: req_id=1694"                                                                                                                          ,     1
"ERROR: [target-app] Unhandled Exception: KeyError: 'user_preferences'
Traceback (most recent call last):
File ""/app/services/user.py"", line 88, in get_user
prefs = user_data['user_preferences']
KeyError: 'user_preferences'
Context: req_id=7856"                                                                                                                          ,     1
INFO: [target-app] Cache hit for key 'product_catalog_v2' latency=0.2ms. [req_id=4329]                                                         ,     0
INFO: [target-app] User session refreshed token_id=tok_9a8f7b2c. [req_id=2172]                                                                 ,     0
"INFO: 10.0.2.15:52130 - ""GET /metrics HTTP/1.1"" 200 OK [req_id=5278]"                                                                       ,     0
"ERROR: [target-app] Simulated Application Failure [FileNotFoundError]: Configuration file '/app/config/settings.yaml' not found in path.
Traceback (most recent call last):
File ""/app/main.py"", line 42, in simulate_error
raise FileNotFoundError(""Configuration file '/app/config/settings.yaml' not found in path."")
FileNotFoundError: Configuration file '/app/config/settings.yaml' not found in path.
Context: req_id=3738"                                                                                                                          ,     1
"ERROR: [target-app] Simulated Application Failure [ZeroDivisionError]: division by zero
Traceback (most recent call last):
File ""/app/main.py"", line 46, in simulate_error
_ = 100 / 0
ZeroDivisionError: division by zero
Context: req_id=7989"                                                                                                                          ,     1
"ERROR: [target-app] Simulated Application Failure [TimeoutError]: Database connection timed out after 30000ms: host=db-replica-1.internal:5432
Traceback (most recent call last):
File ""/app/main.py"", line 50, in simulate_error
raise TimeoutError(""Database connection timed out after 30000ms: host=db-replica-1.internal:5432"")
TimeoutError: Database connection timed out after 30000ms: host=db-replica-1.internal:5432
Context: req_id=1295"                                                                                                                          ,     1
"ERROR: [target-app] Database query failed: OperationalError: connection refused to 10.0.1.5:5432
Traceback (most recent call last):
File ""/app/db/session.py"", line 29, in get_db
conn = psycopg2.connect(dsn)
psycopg2.OperationalError: could not connect to server: Connection refused
Context: req_id=4357"                                                                                                                          ,     1
DEBUG: [target-app] Serialized response payload size=412 bytes. [req_id=2130]                                                                  ,     0
"ERROR: [target-app] Memory limit exceeded: MemoryError: unable to allocate 512MiB for buffer
Traceback (most recent call last):
File ""/app/utils/export.py"", line 15, in export_large_dataset
buffer = bytearray(512 * 1024 * 1024)
MemoryError
Context: req_id=6157"                                                                                                                          ,     1
"ERROR: [target-app] Memory limit exceeded: MemoryError: unable to allocate 512MiB for buffer
Traceback (most recent call last):
File ""/app/utils/export.py"", line 15, in export_large_dataset
buffer = bytearray(512 * 1024 * 1024)
MemoryError
Context: req_id=2299"                                                                                                                          ,     1
"INFO: 127.0.0.1:44302 - ""POST /api/v1/checkout HTTP/1.1"" 201 Created [req_id=1172]"                                                         ,     0
"ERROR: [target-app] Unhandled Exception: KeyError: 'user_preferences'
Traceback (most recent call last):
File ""/app/services/user.py"", line 88, in get_user
prefs = user_data['user_preferences']
KeyError: 'user_preferences'
Context: req_id=9825"                                                                                                                          ,     1
"INFO: 10.0.2.15:52130 - ""GET /metrics HTTP/1.1"" 200 OK [req_id=4387]"                                                                       ,     0
"INFO: 10.0.0.12:49152 - ""GET /health HTTP/1.1"" 200 OK [req_id=1047]"                                                                        ,     0
INFO: [target-app] Cache hit for key 'product_catalog_v2' latency=0.2ms. [req_id=8101]                                                         ,     0
INFO: [target-app] TLS handshake completed successfully with cipher TLS_AES_256_GCM_SHA384. [req_id=3360]                                      ,     0
"ERROR: [target-app] Database query failed: OperationalError: connection refused to 10.0.1.5:5432
Traceback (most recent call last):
File ""/app/db/session.py"", line 29, in get_db
conn = psycopg2.connect(dsn)
psycopg2.OperationalError: could not connect to server: Connection refused
Context: req_id=2841"                                                                                                                          ,     1
INFO: [target-app] Health check probe passed. All downstream dependencies reachable. [req_id=8238]                                             ,     0
"ERROR: [target-app] Unhandled Exception: KeyError: 'user_preferences'
Traceback (most recent call last):
File ""/app/services/user.py"", line 88, in get_user
prefs = user_data['user_preferences']
KeyError: 'user_preferences'
Context: req_id=9388"                                                                                                                          ,     1
"ERROR: [target-app] HTTP 500 Internal Server Error: NullPointerException in auth verification
Traceback (most recent call last):
File ""/app/middleware/auth.py"", line 64, in authenticate
user_role = token_claims['role']
TypeError: 'NoneType' object is not subscriptable
Context: req_id=9749"                                                                                                                          ,     1
"ERROR: [target-app] Unhandled Exception: KeyError: 'user_preferences'
Traceback (most recent call last):
File ""/app/services/user.py"", line 88, in get_user
prefs = user_data['user_preferences']
KeyError: 'user_preferences'
Context: req_id=3277"                                                                                                                          ,     1
"ERROR: [target-app] Database query failed: OperationalError: connection refused to 10.0.1.5:5432
Traceback (most recent call last):
File ""/app/db/session.py"", line 29, in get_db
conn = psycopg2.connect(dsn)
psycopg2.OperationalError: could not connect to server: Connection refused
Context: req_id=6579"                                                                                                                          ,     1
INFO: [target-app] Processed request GET / successfully with status 200 OK. [req_id=6694]                                                      ,     0
"ERROR: [target-app] Memory limit exceeded: MemoryError: unable to allocate 512MiB for buffer
Traceback (most recent call last):
File ""/app/utils/export.py"", line 15, in export_large_dataset
buffer = bytearray(512 * 1024 * 1024)
MemoryError
Context: req_id=6613"                                                                                                                          ,     1
INFO: [target-app] Batch job finished successfully: processed 150 records. [req_id=7946]                                                       ,     0
"ERROR: [target-app] Memory limit exceeded: MemoryError: unable to allocate 512MiB for buffer
Traceback (most recent call last):
File ""/app/utils/export.py"", line 15, in export_large_dataset
buffer = bytearray(512 * 1024 * 1024)
MemoryError
Context: req_id=6765"                                                                                                                          ,     1
"ERROR: [target-app] Simulated Application Failure [FileNotFoundError]: Configuration file '/app/config/settings.yaml' not found in path.
Traceback (most recent call last):
File ""/app/main.py"", line 42, in simulate_error
raise FileNotFoundError(""Configuration file '/app/config/settings.yaml' not found in path."")
FileNotFoundError: Configuration file '/app/config/settings.yaml' not found in path.
Context: req_id=9779"                                                                                                                          ,     1
"ERROR: [target-app] Memory limit exceeded: MemoryError: unable to allocate 512MiB for buffer
Traceback (most recent call last):
File ""/app/utils/export.py"", line 15, in export_large_dataset
buffer = bytearray(512 * 1024 * 1024)
MemoryError
Context: req_id=4040"                                                                                                                          ,     1
"INFO: 192.168.1.100:60124 - ""POST /api/v1/login HTTP/1.1"" 200 OK [req_id=2309]"                                                             ,     0
"ERROR: [target-app] Simulated Application Failure [ZeroDivisionError]: division by zero
Traceback (most recent call last):
File ""/app/main.py"", line 46, in simulate_error
_ = 100 / 0
ZeroDivisionError: division by zero
Context: req_id=7991"                                                                                                                          ,     1
"INFO: 127.0.0.1:54320 - ""GET / HTTP/1.1"" 200 OK [req_id=4865]"                                                                              ,     0
INFO: [target-app] Health check probe passed. All downstream dependencies reachable. [req_id=1995]                                             ,     0
INFO: [target-app] Health check probe passed. All downstream dependencies reachable. [req_id=2333]                                             ,     0
"ERROR: [target-app] Simulated Application Failure [ZeroDivisionError]: division by zero
Traceback (most recent call last):
File ""/app/main.py"", line 46, in simulate_error
_ = 100 / 0
ZeroDivisionError: division by zero
Context: req_id=3212"                                                                                                                          ,     1
"ERROR: [target-app] Simulated Application Failure [FileNotFoundError]: Configuration file '/app/config/settings.yaml' not found in path.
Traceback (most recent call last):
File ""/app/main.py"", line 42, in simulate_error
raise FileNotFoundError(""Configuration file '/app/config/settings.yaml' not found in path."")
FileNotFoundError: Configuration file '/app/config/settings.yaml' not found in path.
Context: req_id=7831"                                                                                                                          ,     1
INFO: [target-app] Database heartbeat query executed in 1.4ms. [req_id=2002]                                                                   ,     0
"ERROR: [target-app] Unhandled Exception: KeyError: 'user_preferences'
Traceback (most recent call last):
File ""/app/services/user.py"", line 88, in get_user
prefs = user_data['user_preferences']
KeyError: 'user_preferences'
Context: req_id=6232"                                                                                                                          ,     1
"ERROR: [target-app] Simulated Application Failure [TimeoutError]: Database connection timed out after 30000ms: host=db-replica-1.internal:5432
Traceback (most recent call last):
File ""/app/main.py"", line 50, in simulate_error
raise TimeoutError(""Database connection timed out after 30000ms: host=db-replica-1.internal:5432"")
TimeoutError: Database connection timed out after 30000ms: host=db-replica-1.internal:5432
Context: req_id=7618"                                                                                                                          ,     1
INFO: [target-app] Health check probe passed. All downstream dependencies reachable. [req_id=9509]                                             ,     0
"ERROR: [target-app] Simulated Application Failure [FileNotFoundError]: Configuration file '/app/config/settings.yaml' not found in path.
Traceback (most recent call last):
File ""/app/main.py"", line 42, in simulate_error
raise FileNotFoundError(""Configuration file '/app/config/settings.yaml' not found in path."")
FileNotFoundError: Configuration file '/app/config/settings.yaml' not found in path.
Context: req_id=9367"                                                                                                                          ,     1
"INFO: 10.0.2.15:52130 - ""GET /metrics HTTP/1.1"" 200 OK [req_id=2104]"                                                                       ,     0
"ERROR: [target-app] Memory limit exceeded: MemoryError: unable to allocate 512MiB for buffer
Traceback (most recent call last):
File ""/app/utils/export.py"", line 15, in export_large_dataset
buffer = bytearray(512 * 1024 * 1024)
MemoryError
Context: req_id=2804"                                                                                                                          ,     1
DEBUG: [target-app] Serialized response payload size=412 bytes. [req_id=6524]                                                                  ,     0
"ERROR: [target-app] Simulated Application Failure [TimeoutError]: Database connection timed out after 30000ms: host=db-replica-1.internal:5432
Traceback (most recent call last):
File ""/app/main.py"", line 50, in simulate_error
raise TimeoutError(""Database connection timed out after 30000ms: host=db-replica-1.internal:5432"")
TimeoutError: Database connection timed out after 30000ms: host=db-replica-1.internal:5432
Context: req_id=1817"                                                                                                                          ,     1
"ERROR: [target-app] Simulated Application Failure [FileNotFoundError]: Configuration file '/app/config/settings.yaml' not found in path.
Traceback (most recent call last):
File ""/app/main.py"", line 42, in simulate_error
raise FileNotFoundError(""Configuration file '/app/config/settings.yaml' not found in path."")
FileNotFoundError: Configuration file '/app/config/settings.yaml' not found in path.
Context: req_id=2274"                                                                                                                          ,     1
INFO: [target-app] Background log drain synced 45 events to collector. [req_id=6315]                                                           ,     0
"ERROR: [target-app] HTTP 500 Internal Server Error: NullPointerException in auth verification
Traceback (most recent call last):
File ""/app/middleware/auth.py"", line 64, in authenticate
user_role = token_claims['role']
TypeError: 'NoneType' object is not subscriptable
Context: req_id=2214"                                                                                                                          ,     1
INFO: [target-app] Background log drain synced 45 events to collector. [req_id=2562]                                                           ,     0
"ERROR: [target-app] Unhandled Exception: KeyError: 'user_preferences'
Traceback (most recent call last):
File ""/app/services/user.py"", line 88, in get_user
prefs = user_data['user_preferences']
KeyError: 'user_preferences'
Context: req_id=4821"                                                                                                                          ,     1
"ERROR: [target-app] Simulated Application Failure [FileNotFoundError]: Configuration file '/app/config/settings.yaml' not found in path.
Traceback (most recent call last):
File ""/app/main.py"", line 42, in simulate_error
raise FileNotFoundError(""Configuration file '/app/config/settings.yaml' not found in path."")
FileNotFoundError: Configuration file '/app/config/settings.yaml' not found in path.
Context: req_id=9957"                                                                                                                          ,     1
"ERROR: [target-app] Simulated Application Failure [TimeoutError]: Database connection timed out after 30000ms: host=db-replica-1.internal:5432
Traceback (most recent call last):
File ""/app/main.py"", line 50, in simulate_error
raise TimeoutError(""Database connection timed out after 30000ms: host=db-replica-1.internal:5432"")
TimeoutError: Database connection timed out after 30000ms: host=db-replica-1.internal:5432
Context: req_id=4689"                                                                                                                          ,     1
"ERROR: [target-app] Unhandled Exception: KeyError: 'user_preferences'
Traceback (most recent call last):
File ""/app/services/user.py"", line 88, in get_user
prefs = user_data['user_preferences']
KeyError: 'user_preferences'
Context: req_id=7609"                                                                                                                          ,     1
"ERROR: [target-app] Memory limit exceeded: MemoryError: unable to allocate 512MiB for buffer
Traceback (most recent call last):
File ""/app/utils/export.py"", line 15, in export_large_dataset
buffer = bytearray(512 * 1024 * 1024)
MemoryError
Context: req_id=7762"                                                                                                                          ,     1
INFO: [target-app] Processed request GET / successfully with status 200 OK. [req_id=4675]                                                      ,     0
"ERROR: [target-app] Simulated Application Failure [ZeroDivisionError]: division by zero
Traceback (most recent call last):
File ""/app/main.py"", line 46, in simulate_error
_ = 100 / 0
ZeroDivisionError: division by zero
Context: req_id=1517"                                                                                                                          ,     1
INFO: [target-app] Health check probe passed. All downstream dependencies reachable. [req_id=5912]                                             ,     0
"INFO: 127.0.0.1:44302 - ""POST /api/v1/checkout HTTP/1.1"" 201 Created [req_id=6564]"                                                         ,     0
"INFO: 127.0.0.1:44302 - ""POST /api/v1/checkout HTTP/1.1"" 201 Created [req_id=4212]"                                                         ,     0
INFO: [target-app] Database heartbeat query executed in 1.4ms. [req_id=1070]                                                                   ,     0
"ERROR: [target-app] Database query failed: OperationalError: connection refused to 10.0.1.5:5432
Traceback (most recent call last):
File ""/app/db/session.py"", line 29, in get_db
conn = psycopg2.connect(dsn)
psycopg2.OperationalError: could not connect to server: Connection refused
Context: req_id=3253"                                                                                                                          ,     1
"INFO: 127.0.0.1:54320 - ""GET / HTTP/1.1"" 200 OK [req_id=8227]"                                                                              ,     0
"ERROR: [target-app] HTTP 500 Internal Server Error: NullPointerException in auth verification
Traceback (most recent call last):
File ""/app/middleware/auth.py"", line 64, in authenticate
user_role = token_claims['role']
TypeError: 'NoneType' object is not subscriptable
Context: req_id=9099"                                                                                                                          ,     1
INFO: [target-app] Processed request GET / successfully with status 200 OK. [req_id=4507]                                                      ,     0
INFO: [target-app] Processed request GET / successfully with status 200 OK. [req_id=4184]                                                      ,     0
"ERROR: [target-app] Simulated Application Failure [FileNotFoundError]: Configuration file '/app/config/settings.yaml' not found in path.
Traceback (most recent call last):
File ""/app/main.py"", line 42, in simulate_error
raise FileNotFoundError(""Configuration file '/app/config/settings.yaml' not found in path."")
FileNotFoundError: Configuration file '/app/config/settings.yaml' not found in path.
Context: req_id=1948"                                                                                                                          ,     1
"INFO: 192.168.1.100:60124 - ""POST /api/v1/login HTTP/1.1"" 200 OK [req_id=5867]"                                                             ,     0
"ERROR: [target-app] Simulated Application Failure [ZeroDivisionError]: division by zero
Traceback (most recent call last):
File ""/app/main.py"", line 46, in simulate_error
_ = 100 / 0
ZeroDivisionError: division by zero
Context: req_id=9758"                                                                                                                          ,     1
"INFO: 127.0.0.1:54320 - ""GET / HTTP/1.1"" 200 OK [req_id=4404]"                                                                              ,     0
"ERROR: [target-app] HTTP 500 Internal Server Error: NullPointerException in auth verification
Traceback (most recent call last):
File ""/app/middleware/auth.py"", line 64, in authenticate
user_role = token_claims['role']
TypeError: 'NoneType' object is not subscriptable
Context: req_id=5535"                                                                                                                          ,     1
INFO: [target-app] Batch job finished successfully: processed 150 records. [req_id=5547]                                                       ,     0
INFO: [target-app] Background log drain synced 45 events to collector. [req_id=7902]                                                           ,     0
"INFO: 127.0.0.1:44302 - ""POST /api/v1/checkout HTTP/1.1"" 201 Created [req_id=9055]"                                                         ,     0
INFO: [target-app] TLS handshake completed successfully with cipher TLS_AES_256_GCM_SHA384. [req_id=8086]                                      ,     0
INFO: [target-app] TLS handshake completed successfully with cipher TLS_AES_256_GCM_SHA384. [req_id=7858]                                      ,     0
"INFO: 10.0.0.12:49152 - ""GET /health HTTP/1.1"" 200 OK [req_id=6634]"                                                                        ,     0
"INFO: 10.0.2.15:52130 - ""GET /metrics HTTP/1.1"" 200 OK [req_id=5642]"                                                                       ,     0
INFO: [target-app] Processed request GET / successfully with status 200 OK. [req_id=9657]                                                      ,     0
"ERROR: [target-app] Memory limit exceeded: MemoryError: unable to allocate 512MiB for buffer
Traceback (most recent call last):
File ""/app/utils/export.py"", line 15, in export_large_dataset
buffer = bytearray(512 * 1024 * 1024)
MemoryError
Context: req_id=3815"                                                                                                                          ,     1
"INFO: 172.18.0.4:38902 - ""GET /api/v1/users/profile HTTP/1.1"" 200 OK [req_id=8523]"                                                         ,     0
DEBUG: [target-app] Serialized response payload size=412 bytes. [req_id=1911]                                                                  ,     0
"ERROR: [target-app] Simulated Application Failure [TimeoutError]: Database connection timed out after 30000ms: host=db-replica-1.internal:5432
Traceback (most recent call last):
File ""/app/main.py"", line 50, in simulate_error
raise TimeoutError(""Database connection timed out after 30000ms: host=db-replica-1.internal:5432"")
TimeoutError: Database connection timed out after 30000ms: host=db-replica-1.internal:5432
Context: req_id=6586"                                                                                                                          ,     1
"ERROR: [target-app] Simulated Application Failure [FileNotFoundError]: Configuration file '/app/config/settings.yaml' not found in path.
Traceback (most recent call last):
File ""/app/main.py"", line 42, in simulate_error
raise FileNotFoundError(""Configuration file '/app/config/settings.yaml' not found in path."")
FileNotFoundError: Configuration file '/app/config/settings.yaml' not found in path.
Context: req_id=4624"                                                                                                                          ,     1
INFO: [target-app] Background log drain synced 45 events to collector. [req_id=7040]                                                           ,     0
"INFO: 10.0.0.12:49152 - ""GET /health HTTP/1.1"" 200 OK [req_id=6817]"                                                                        ,     0
"INFO: 10.0.0.12:49152 - ""GET /health HTTP/1.1"" 200 OK [req_id=6143]"                                                                        ,     0
"ERROR: [target-app] Simulated Application Failure [TimeoutError]: Database connection timed out after 30000ms: host=db-replica-1.internal:5432
Traceback (most recent call last):
File ""/app/main.py"", line 50, in simulate_error
raise TimeoutError(""Database connection timed out after 30000ms: host=db-replica-1.internal:5432"")
TimeoutError: Database connection timed out after 30000ms: host=db-replica-1.internal:5432
Context: req_id=1540"                                                                                                                          ,     1
"ERROR: [target-app] Simulated Application Failure [FileNotFoundError]: Configuration file '/app/config/settings.yaml' not found in path.
Traceback (most recent call last):
File ""/app/main.py"", line 42, in simulate_error
raise FileNotFoundError(""Configuration file '/app/config/settings.yaml' not found in path."")
FileNotFoundError: Configuration file '/app/config/settings.yaml' not found in path.
Context: req_id=8982"                                                                                                                          ,     1
INFO: [target-app] Database heartbeat query executed in 1.4ms. [req_id=3322]                                                                   ,     0
DEBUG: [target-app] Serialized response payload size=412 bytes. [req_id=8819]                                                                  ,     0
"ERROR: [target-app] Simulated Application Failure [TimeoutError]: Database connection timed out after 30000ms: host=db-replica-1.internal:5432
Traceback (most recent call last):
File ""/app/main.py"", line 50, in simulate_error
raise TimeoutError(""Database connection timed out after 30000ms: host=db-replica-1.internal:5432"")
TimeoutError: Database connection timed out after 30000ms: host=db-replica-1.internal:5432
Context: req_id=2577"                                                                                                                          ,     1
"ERROR: [target-app] Unhandled Exception: KeyError: 'user_preferences'
Traceback (most recent call last):
File ""/app/services/user.py"", line 88, in get_user
prefs = user_data['user_preferences']
KeyError: 'user_preferences'
Context: req_id=6431"                                                                                                                          ,     1
INFO: [target-app] User session refreshed token_id=tok_9a8f7b2c. [req_id=9059]                                                                 ,     0
"ERROR: [target-app] Simulated Application Failure [FileNotFoundError]: Configuration file '/app/config/settings.yaml' not found in path.
Traceback (most recent call last):
File ""/app/main.py"", line 42, in simulate_error
raise FileNotFoundError(""Configuration file '/app/config/settings.yaml' not found in path."")
FileNotFoundError: Configuration file '/app/config/settings.yaml' not found in path.
Context: req_id=8407"                                                                                                                          ,     1
DEBUG: [target-app] Serialized response payload size=412 bytes. [req_id=2582]                                                                  ,     0
INFO: [target-app] Background log drain synced 45 events to collector. [req_id=2067]                                                           ,     0
"INFO: 10.0.2.15:52130 - ""GET /metrics HTTP/1.1"" 200 OK [req_id=2635]"                                                                       ,     0
"INFO: 10.0.2.15:52130 - ""GET /metrics HTTP/1.1"" 200 OK [req_id=6081]"                                                                       ,     0
"ERROR: [target-app] Simulated Application Failure [FileNotFoundError]: Configuration file '/app/config/settings.yaml' not found in path.
Traceback (most recent call last):
File ""/app/main.py"", line 42, in simulate_error
raise FileNotFoundError(""Configuration file '/app/config/settings.yaml' not found in path."")
FileNotFoundError: Configuration file '/app/config/settings.yaml' not found in path.
Context: req_id=1510"                                                                                                                          ,     1
"ERROR: [target-app] Simulated Application Failure [FileNotFoundError]: Configuration file '/app/config/settings.yaml' not found in path.
Traceback (most recent call last):
File ""/app/main.py"", line 42, in simulate_error
raise FileNotFoundError(""Configuration file '/app/config/settings.yaml' not found in path."")
FileNotFoundError: Configuration file '/app/config/settings.yaml' not found in path.
Context: req_id=5119"                                                                                                                          ,     1
"ERROR: [target-app] Memory limit exceeded: MemoryError: unable to allocate 512MiB for buffer
Traceback (most recent call last):
File ""/app/utils/export.py"", line 15, in export_large_dataset
buffer = bytearray(512 * 1024 * 1024)
MemoryError
Context: req_id=5136"                                                                                                                          ,     1
INFO: [target-app] Batch job finished successfully: processed 150 records. [req_id=6961]                                                       ,     0
INFO: [target-app] Batch job finished successfully: processed 150 records. [req_id=7751]                                                       ,     0
INFO: [target-app] Background log drain synced 45 events to collector. [req_id=6106]                                                           ,     0
"INFO: 127.0.0.1:44302 - ""POST /api/v1/checkout HTTP/1.1"" 201 Created [req_id=4345]"                                                         ,     0
"INFO: 127.0.0.1:54320 - ""GET / HTTP/1.1"" 200 OK [req_id=9752]"                                                                              ,     0
"INFO: 10.0.2.15:52130 - ""GET /metrics HTTP/1.1"" 200 OK [req_id=2022]"                                                                       ,     0
"ERROR: [target-app] Simulated Application Failure [TimeoutError]: Database connection timed out after 30000ms: host=db-replica-1.internal:5432
Traceback (most recent call last):
File ""/app/main.py"", line 50, in simulate_error
raise TimeoutError(""Database connection timed out after 30000ms: host=db-replica-1.internal:5432"")
TimeoutError: Database connection timed out after 30000ms: host=db-replica-1.internal:5432
Context: req_id=6604"                                                                                                                          ,     1
INFO: [target-app] Batch job finished successfully: processed 150 records. [req_id=5987]                                                       ,     0
DEBUG: [target-app] Serialized response payload size=412 bytes. [req_id=1794]                                                                  ,     0
INFO: [target-app] Cache hit for key 'product_catalog_v2' latency=0.2ms. [req_id=9483]                                                         ,     0
"ERROR: [target-app] Database query failed: OperationalError: connection refused to 10.0.1.5:5432
Traceback (most recent call last):
File ""/app/db/session.py"", line 29, in get_db
conn = psycopg2.connect(dsn)
psycopg2.OperationalError: could not connect to server: Connection refused
Context: req_id=2381"                                                                                                                          ,     1
"ERROR: [target-app] Database query failed: OperationalError: connection refused to 10.0.1.5:5432
Traceback (most recent call last):
File ""/app/db/session.py"", line 29, in get_db
conn = psycopg2.connect(dsn)
psycopg2.OperationalError: could not connect to server: Connection refused
Context: req_id=4795"                                                                                                                          ,     1
"ERROR: [target-app] HTTP 500 Internal Server Error: NullPointerException in auth verification
Traceback (most recent call last):
File ""/app/middleware/auth.py"", line 64, in authenticate
user_role = token_claims['role']
TypeError: 'NoneType' object is not subscriptable
Context: req_id=3090"                                                                                                                          ,     1
"ERROR: [target-app] Memory limit exceeded: MemoryError: unable to allocate 512MiB for buffer
Traceback (most recent call last):
File ""/app/utils/export.py"", line 15, in export_large_dataset
buffer = bytearray(512 * 1024 * 1024)
MemoryError
Context: req_id=1404"                                                                                                                          ,     1
"INFO: 10.0.2.15:52130 - ""GET /metrics HTTP/1.1"" 200 OK [req_id=5153]"                                                                       ,     0
"ERROR: [target-app] Database query failed: OperationalError: connection refused to 10.0.1.5:5432
Traceback (most recent call last):
File ""/app/db/session.py"", line 29, in get_db
conn = psycopg2.connect(dsn)
psycopg2.OperationalError: could not connect to server: Connection refused
Context: req_id=4094"                                                                                                                          ,     1
"ERROR: [target-app] Simulated Application Failure [TimeoutError]: Database connection timed out after 30000ms: host=db-replica-1.internal:5432
Traceback (most recent call last):
File ""/app/main.py"", line 50, in simulate_error
raise TimeoutError(""Database connection timed out after 30000ms: host=db-replica-1.internal:5432"")
TimeoutError: Database connection timed out after 30000ms: host=db-replica-1.internal:5432
Context: req_id=2818"                                                                                                                          ,     1
INFO: [target-app] Database heartbeat query executed in 1.4ms. [req_id=2930]                                                                   ,     0
DEBUG: [target-app] Serialized response payload size=412 bytes. [req_id=7407]                                                                  ,     0
"ERROR: [target-app] Simulated Application Failure [FileNotFoundError]: Configuration file '/app/config/settings.yaml' not found in path.
Traceback (most recent call last):
File ""/app/main.py"", line 42, in simulate_error
raise FileNotFoundError(""Configuration file '/app/config/settings.yaml' not found in path."")
FileNotFoundError: Configuration file '/app/config/settings.yaml' not found in path.
Context: req_id=3566"                                                                                                                          ,     1
INFO: [target-app] Cache hit for key 'product_catalog_v2' latency=0.2ms. [req_id=9169]                                                         ,     0
INFO: [target-app] Cache hit for key 'product_catalog_v2' latency=0.2ms. [req_id=3375]                                                         ,     0
"ERROR: [target-app] Simulated Application Failure [ZeroDivisionError]: division by zero
Traceback (most recent call last):
File ""/app/main.py"", line 46, in simulate_error
_ = 100 / 0
ZeroDivisionError: division by zero
Context: req_id=1747"                                                                                                                          ,     1
INFO: [target-app] Batch job finished successfully: processed 150 records. [req_id=4054]                                                       ,     0
"INFO: 172.18.0.4:38902 - ""GET /api/v1/users/profile HTTP/1.1"" 200 OK [req_id=7385]"                                                         ,     0
"INFO: 127.0.0.1:54320 - ""GET / HTTP/1.1"" 200 OK [req_id=6244]"                                                                              ,     0
INFO: [target-app] Background log drain synced 45 events to collector. [req_id=8631]                                                           ,     0
"ERROR: [target-app] Simulated Application Failure [TimeoutError]: Database connection timed out after 30000ms: host=db-replica-1.internal:5432
Traceback (most recent call last):
File ""/app/main.py"", line 50, in simulate_error
raise TimeoutError(""Database connection timed out after 30000ms: host=db-replica-1.internal:5432"")
TimeoutError: Database connection timed out after 30000ms: host=db-replica-1.internal:5432
Context: req_id=5089"                                                                                                                          ,     1
"ERROR: [target-app] Simulated Application Failure [ZeroDivisionError]: division by zero
Traceback (most recent call last):
File ""/app/main.py"", line 46, in simulate_error
_ = 100 / 0
ZeroDivisionError: division by zero
Context: req_id=4064"                                                                                                                          ,     1
"INFO: 10.0.2.15:52130 - ""GET /metrics HTTP/1.1"" 200 OK [req_id=6590]"                                                                       ,     0
"ERROR: [target-app] Simulated Application Failure [ZeroDivisionError]: division by zero
Traceback (most recent call last):
File ""/app/main.py"", line 46, in simulate_error
_ = 100 / 0
ZeroDivisionError: division by zero
Context: req_id=8856"                                                                                                                          ,     1
"ERROR: [target-app] Simulated Application Failure [FileNotFoundError]: Configuration file '/app/config/settings.yaml' not found in path.
Traceback (most recent call last):
File ""/app/main.py"", line 42, in simulate_error
raise FileNotFoundError(""Configuration file '/app/config/settings.yaml' not found in path."")
FileNotFoundError: Configuration file '/app/config/settings.yaml' not found in path.
Context: req_id=6784"                                                                                                                          ,     1
INFO: [target-app] Processed request GET / successfully with status 200 OK. [req_id=7926]                                                      ,     0
"ERROR: [target-app] Memory limit exceeded: MemoryError: unable to allocate 512MiB for buffer
Traceback (most recent call last):
File ""/app/utils/export.py"", line 15, in export_large_dataset
buffer = bytearray(512 * 1024 * 1024)
MemoryError
Context: req_id=9199"                                                                                                                          ,     1
"INFO: 127.0.0.1:54320 - ""GET / HTTP/1.1"" 200 OK [req_id=4963]"                                                                              ,     0
"ERROR: [target-app] Database query failed: OperationalError: connection refused to 10.0.1.5:5432
Traceback (most recent call last):
File ""/app/db/session.py"", line 29, in get_db
conn = psycopg2.connect(dsn)
psycopg2.OperationalError: could not connect to server: Connection refused
Context: req_id=5687"                                                                                                                          ,     1
"ERROR: [target-app] Simulated Application Failure [ZeroDivisionError]: division by zero
Traceback (most recent call last):
File ""/app/main.py"", line 46, in simulate_error
_ = 100 / 0
ZeroDivisionError: division by zero
Context: req_id=8365"                                                                                                                          ,     1
INFO: [target-app] Batch job finished successfully: processed 150 records. [req_id=8853]                                                       ,     0
"INFO: 127.0.0.1:44302 - ""POST /api/v1/checkout HTTP/1.1"" 201 Created [req_id=1475]"                                                         ,     0
"ERROR: [target-app] Simulated Application Failure [TimeoutError]: Database connection timed out after 30000ms: host=db-replica-1.internal:5432
Traceback (most recent call last):
File ""/app/main.py"", line 50, in simulate_error
raise TimeoutError(""Database connection timed out after 30000ms: host=db-replica-1.internal:5432"")
TimeoutError: Database connection timed out after 30000ms: host=db-replica-1.internal:5432
Context: req_id=2333"                                                                                                                          ,     1
"ERROR: [target-app] Database query failed: OperationalError: connection refused to 10.0.1.5:5432
Traceback (most recent call last):
File ""/app/db/session.py"", line 29, in get_db
conn = psycopg2.connect(dsn)
psycopg2.OperationalError: could not connect to server: Connection refused
Context: req_id=3437"                                                                                                                          ,     1
"ERROR: [target-app] HTTP 500 Internal Server Error: NullPointerException in auth verification
Traceback (most recent call last):
File ""/app/middleware/auth.py"", line 64, in authenticate
user_role = token_claims['role']
TypeError: 'NoneType' object is not subscriptable
Context: req_id=6520"                                                                                                                          ,     1
"ERROR: [target-app] Memory limit exceeded: MemoryError: unable to allocate 512MiB for buffer
Traceback (most recent call last):
File ""/app/utils/export.py"", line 15, in export_large_dataset
buffer = bytearray(512 * 1024 * 1024)
MemoryError
Context: req_id=3063"                                                                                                                          ,     1
INFO: [target-app] Processed request GET / successfully with status 200 OK. [req_id=4614]                                                      ,     0
"ERROR: [target-app] Simulated Application Failure [ZeroDivisionError]: division by zero
Traceback (most recent call last):
File ""/app/main.py"", line 46, in simulate_error
_ = 100 / 0
ZeroDivisionError: division by zero
Context: req_id=8829"                                                                                                                          ,     1
"ERROR: [target-app] Simulated Application Failure [ZeroDivisionError]: division by zero
Traceback (most recent call last):
File ""/app/main.py"", line 46, in simulate_error
_ = 100 / 0
ZeroDivisionError: division by zero
Context: req_id=7911"                                                                                                                          ,     1
"ERROR: [target-app] Simulated Application Failure [TimeoutError]: Database connection timed out after 30000ms: host=db-replica-1.internal:5432
Traceback (most recent call last):
File ""/app/main.py"", line 50, in simulate_error
raise TimeoutError(""Database connection timed out after 30000ms: host=db-replica-1.internal:5432"")
TimeoutError: Database connection timed out after 30000ms: host=db-replica-1.internal:5432
Context: req_id=5013"                                                                                                                          ,     1
"ERROR: [target-app] Simulated Application Failure [ZeroDivisionError]: division by zero
Traceback (most recent call last):
File ""/app/main.py"", line 46, in simulate_error
_ = 100 / 0
ZeroDivisionError: division by zero
Context: req_id=3164"                                                                                                                          ,     1
"ERROR: [target-app] Memory limit exceeded: MemoryError: unable to allocate 512MiB for buffer
Traceback (most recent call last):
File ""/app/utils/export.py"", line 15, in export_large_dataset
buffer = bytearray(512 * 1024 * 1024)
MemoryError
Context: req_id=1198"                                                                                                                          ,     1
"ERROR: [target-app] Database query failed: OperationalError: connection refused to 10.0.1.5:5432
Traceback (most recent call last):
File ""/app/db/session.py"", line 29, in get_db
conn = psycopg2.connect(dsn)
psycopg2.OperationalError: could not connect to server: Connection refused
Context: req_id=8694"                                                                                                                          ,     1
INFO: [target-app] Processed request GET / successfully with status 200 OK. [req_id=8620]                                                      ,     0
"INFO: 192.168.1.100:60124 - ""POST /api/v1/login HTTP/1.1"" 200 OK [req_id=5974]"                                                             ,     0
"ERROR: [target-app] Simulated Application Failure [TimeoutError]: Database connection timed out after 30000ms: host=db-replica-1.internal:5432
Traceback (most recent call last):
File ""/app/main.py"", line 50, in simulate_error
raise TimeoutError(""Database connection timed out after 30000ms: host=db-replica-1.internal:5432"")
TimeoutError: Database connection timed out after 30000ms: host=db-replica-1.internal:5432
Context: req_id=3973"                                                                                                                          ,     1
"ERROR: [target-app] HTTP 500 Internal Server Error: NullPointerException in auth verification
Traceback (most recent call last):
File ""/app/middleware/auth.py"", line 64, in authenticate
user_role = token_claims['role']
TypeError: 'NoneType' object is not subscriptable
Context: req_id=4502"                                                                                                                          ,     1
"INFO: 172.18.0.4:38902 - ""GET /api/v1/users/profile HTTP/1.1"" 200 OK [req_id=2842]"                                                         ,     0
INFO: [target-app] Background log drain synced 45 events to collector. [req_id=8210]                                                           ,     0
INFO: [target-app] Database heartbeat query executed in 1.4ms. [req_id=4306]                                                                   ,     0
"ERROR: [target-app] Memory limit exceeded: MemoryError: unable to allocate 512MiB for buffer
Traceback (most recent call last):
File ""/app/utils/export.py"", line 15, in export_large_dataset
buffer = bytearray(512 * 1024 * 1024)
MemoryError
Context: req_id=5698"                                                                                                                          ,     1
"INFO: 127.0.0.1:54320 - ""GET / HTTP/1.1"" 200 OK [req_id=4214]"                                                                              ,     0
"INFO: 10.0.2.15:52130 - ""GET /metrics HTTP/1.1"" 200 OK [req_id=3100]"                                                                       ,     0
INFO: [target-app] TLS handshake completed successfully with cipher TLS_AES_256_GCM_SHA384. [req_id=9599]                                      ,     0
INFO: [target-app] Processed request GET / successfully with status 200 OK. [req_id=4713]                                                      ,     0
"INFO: 10.0.2.15:52130 - ""GET /metrics HTTP/1.1"" 200 OK [req_id=6108]"                                                                       ,     0
"ERROR: [target-app] Unhandled Exception: KeyError: 'user_preferences'
Traceback (most recent call last):
File ""/app/services/user.py"", line 88, in get_user
prefs = user_data['user_preferences']
KeyError: 'user_preferences'
Context: req_id=6478"                                                                                                                          ,     1
"INFO: 172.18.0.4:38902 - ""GET /api/v1/users/profile HTTP/1.1"" 200 OK [req_id=2368]"                                                         ,     0
"INFO: 192.168.1.100:60124 - ""POST /api/v1/login HTTP/1.1"" 200 OK [req_id=5204]"                                                             ,     0
"ERROR: [target-app] HTTP 500 Internal Server Error: NullPointerException in auth verification
Traceback (most recent call last):
File ""/app/middleware/auth.py"", line 64, in authenticate
user_role = token_claims['role']
TypeError: 'NoneType' object is not subscriptable
Context: req_id=2389"                                                                                                                          ,     1
INFO: [target-app] TLS handshake completed successfully with cipher TLS_AES_256_GCM_SHA384. [req_id=1709]                                      ,     0
"ERROR: [target-app] Memory limit exceeded: MemoryError: unable to allocate 512MiB for buffer
Traceback (most recent call last):
File ""/app/utils/export.py"", line 15, in export_large_dataset
buffer = bytearray(512 * 1024 * 1024)
MemoryError
Context: req_id=2719"                                                                                                                          ,     1
"ERROR: [target-app] Simulated Application Failure [ZeroDivisionError]: division by zero
Traceback (most recent call last):
File ""/app/main.py"", line 46, in simulate_error
_ = 100 / 0
ZeroDivisionError: division by zero
Context: req_id=6193"                                                                                                                          ,     1
"INFO: 127.0.0.1:54320 - ""GET / HTTP/1.1"" 200 OK [req_id=4054]"                                                                              ,     0
INFO: [target-app] Cache hit for key 'product_catalog_v2' latency=0.2ms. [req_id=8259]                                                         ,     0
"INFO: 172.18.0.4:38902 - ""GET /api/v1/users/profile HTTP/1.1"" 200 OK [req_id=6824]"                                                         ,     0
"ERROR: [target-app] Memory limit exceeded: MemoryError: unable to allocate 512MiB for buffer
Traceback (most recent call last):
File ""/app/utils/export.py"", line 15, in export_large_dataset
buffer = bytearray(512 * 1024 * 1024)
MemoryError
Context: req_id=8514"                                                                                                                          ,     1
"ERROR: [target-app] Unhandled Exception: KeyError: 'user_preferences'
Traceback (most recent call last):
File ""/app/services/user.py"", line 88, in get_user
prefs = user_data['user_preferences']
KeyError: 'user_preferences'
Context: req_id=2742"                                                                                                                          ,     1
"ERROR: [target-app] HTTP 500 Internal Server Error: NullPointerException in auth verification
Traceback (most recent call last):
File ""/app/middleware/auth.py"", line 64, in authenticate
user_role = token_claims['role']
TypeError: 'NoneType' object is not subscriptable
Context: req_id=6501"                                                                                                                          ,     1
"ERROR: [target-app] Simulated Application Failure [ZeroDivisionError]: division by zero
Traceback (most recent call last):
File ""/app/main.py"", line 46, in simulate_error
_ = 100 / 0
ZeroDivisionError: division by zero
Context: req_id=5141"                                                                                                                          ,     1
INFO: [target-app] Batch job finished successfully: processed 150 records. [req_id=7686]                                                       ,     0
"INFO: 192.168.1.100:60124 - ""POST /api/v1/login HTTP/1.1"" 200 OK [req_id=2931]"                                                             ,     0
INFO: [target-app] Processed request GET / successfully with status 200 OK. [req_id=8535]                                                      ,     0
DEBUG: [target-app] Serialized response payload size=412 bytes. [req_id=7253]                                                                  ,     0
INFO: [target-app] Batch job finished successfully: processed 150 records. [req_id=4879]                                                       ,     0
DEBUG: [target-app] Serialized response payload size=412 bytes. [req_id=7046]                                                                  ,     0
"ERROR: [target-app] Unhandled Exception: KeyError: 'user_preferences'
Traceback (most recent call last):
File ""/app/services/user.py"", line 88, in get_user
prefs = user_data['user_preferences']
KeyError: 'user_preferences'
Context: req_id=5331"                                                                                                                          ,     1
"ERROR: [target-app] Database query failed: OperationalError: connection refused to 10.0.1.5:5432
Traceback (most recent call last):
File ""/app/db/session.py"", line 29, in get_db
conn = psycopg2.connect(dsn)
psycopg2.OperationalError: could not connect to server: Connection refused
Context: req_id=3090"                                                                                                                          ,     1
"ERROR: [target-app] Simulated Application Failure [TimeoutError]: Database connection timed out after 30000ms: host=db-replica-1.internal:5432
Traceback (most recent call last):
File ""/app/main.py"", line 50, in simulate_error
raise TimeoutError(""Database connection timed out after 30000ms: host=db-replica-1.internal:5432"")
TimeoutError: Database connection timed out after 30000ms: host=db-replica-1.internal:5432
Context: req_id=3532"                                                                                                                          ,     1
INFO: [target-app] Database heartbeat query executed in 1.4ms. [req_id=3326]                                                                   ,     0
"ERROR: [target-app] Unhandled Exception: KeyError: 'user_preferences'
Traceback (most recent call last):
File ""/app/services/user.py"", line 88, in get_user
prefs = user_data['user_preferences']
KeyError: 'user_preferences'
Context: req_id=6423"                                                                                                                          ,     1
INFO: [target-app] Processed request GET / successfully with status 200 OK. [req_id=8022]                                                      ,     0
"ERROR: [target-app] Database query failed: OperationalError: connection refused to 10.0.1.5:5432
Traceback (most recent call last):
File ""/app/db/session.py"", line 29, in get_db
conn = psycopg2.connect(dsn)
psycopg2.OperationalError: could not connect to server: Connection refused
Context: req_id=2844"                                                                                                                          ,     1
"ERROR: [target-app] Unhandled Exception: KeyError: 'user_preferences'
Traceback (most recent call last):
File ""/app/services/user.py"", line 88, in get_user
prefs = user_data['user_preferences']
KeyError: 'user_preferences'
Context: req_id=9571"                                                                                                                          ,     1
DEBUG: [target-app] Serialized response payload size=412 bytes. [req_id=3714]                                                                  ,     0
INFO: [target-app] User session refreshed token_id=tok_9a8f7b2c. [req_id=8590]                                                                 ,     0
"ERROR: [target-app] Database query failed: OperationalError: connection refused to 10.0.1.5:5432
Traceback (most recent call last):
File ""/app/db/session.py"", line 29, in get_db
conn = psycopg2.connect(dsn)
psycopg2.OperationalError: could not connect to server: Connection refused
Context: req_id=7652"                                                                                                                          ,     1
"INFO: 127.0.0.1:44302 - ""POST /api/v1/checkout HTTP/1.1"" 201 Created [req_id=6507]"                                                         ,     0
"ERROR: [target-app] Unhandled Exception: KeyError: 'user_preferences'
Traceback (most recent call last):
File ""/app/services/user.py"", line 88, in get_user
prefs = user_data['user_preferences']
KeyError: 'user_preferences'
Context: req_id=8798"                                                                                                                          ,     1
"ERROR: [target-app] Database query failed: OperationalError: connection refused to 10.0.1.5:5432
Traceback (most recent call last):
File ""/app/db/session.py"", line 29, in get_db
conn = psycopg2.connect(dsn)
psycopg2.OperationalError: could not connect to server: Connection refused
Context: req_id=4425"                                                                                                                          ,     1
"ERROR: [target-app] Simulated Application Failure [TimeoutError]: Database connection timed out after 30000ms: host=db-replica-1.internal:5432
Traceback (most recent call last):
File ""/app/main.py"", line 50, in simulate_error
raise TimeoutError(""Database connection timed out after 30000ms: host=db-replica-1.internal:5432"")
TimeoutError: Database connection timed out after 30000ms: host=db-replica-1.internal:5432
Context: req_id=3892"                                                                                                                          ,     1
"INFO: 172.18.0.4:38902 - ""GET /api/v1/users/profile HTTP/1.1"" 200 OK [req_id=2059]"                                                         ,     0
"ERROR: [target-app] Memory limit exceeded: MemoryError: unable to allocate 512MiB for buffer
Traceback (most recent call last):
File ""/app/utils/export.py"", line 15, in export_large_dataset
buffer = bytearray(512 * 1024 * 1024)
MemoryError
Context: req_id=3167"                                                                                                                          ,     1
"ERROR: [target-app] Simulated Application Failure [TimeoutError]: Database connection timed out after 30000ms: host=db-replica-1.internal:5432
Traceback (most recent call last):
File ""/app/main.py"", line 50, in simulate_error
raise TimeoutError(""Database connection timed out after 30000ms: host=db-replica-1.internal:5432"")
TimeoutError: Database connection timed out after 30000ms: host=db-replica-1.internal:5432
Context: req_id=1614"                                                                                                                          ,     1
INFO: [target-app] User session refreshed token_id=tok_9a8f7b2c. [req_id=6014]                                                                 ,     0
"ERROR: [target-app] HTTP 500 Internal Server Error: NullPointerException in auth verification
Traceback (most recent call last):
File ""/app/middleware/auth.py"", line 64, in authenticate
user_role = token_claims['role']
TypeError: 'NoneType' object is not subscriptable
Context: req_id=6340"                                                                                                                          ,     1
INFO: [target-app] Processed request GET / successfully with status 200 OK. [req_id=7250]                                                      ,     0
INFO: [target-app] Database heartbeat query executed in 1.4ms. [req_id=5862]                                                                   ,     0
"ERROR: [target-app] Database query failed: OperationalError: connection refused to 10.0.1.5:5432
Traceback (most recent call last):
File ""/app/db/session.py"", line 29, in get_db
conn = psycopg2.connect(dsn)
psycopg2.OperationalError: could not connect to server: Connection refused
Context: req_id=8920"                                                                                                                          ,     1
"ERROR: [target-app] Simulated Application Failure [FileNotFoundError]: Configuration file '/app/config/settings.yaml' not found in path.
Traceback (most recent call last):
File ""/app/main.py"", line 42, in simulate_error
raise FileNotFoundError(""Configuration file '/app/config/settings.yaml' not found in path."")
FileNotFoundError: Configuration file '/app/config/settings.yaml' not found in path.
Context: req_id=9113"                                                                                                                          ,     1
"INFO: 127.0.0.1:54320 - ""GET / HTTP/1.1"" 200 OK [req_id=1378]"                                                                              ,     0
"ERROR: [target-app] Database query failed: OperationalError: connection refused to 10.0.1.5:5432
Traceback (most recent call last):
File ""/app/db/session.py"", line 29, in get_db
conn = psycopg2.connect(dsn)
psycopg2.OperationalError: could not connect to server: Connection refused
Context: req_id=7929"                                                                                                                          ,     1
"ERROR: [target-app] HTTP 500 Internal Server Error: NullPointerException in auth verification
Traceback (most recent call last):
File ""/app/middleware/auth.py"", line 64, in authenticate
user_role = token_claims['role']
TypeError: 'NoneType' object is not subscriptable
Context: req_id=6438"                                                                                                                          ,     1
"ERROR: [target-app] Unhandled Exception: KeyError: 'user_preferences'
Traceback (most recent call last):
File ""/app/services/user.py"", line 88, in get_user
prefs = user_data['user_preferences']
KeyError: 'user_preferences'
Context: req_id=6022"                                                                                                                          ,     1
"ERROR: [target-app] Unhandled Exception: KeyError: 'user_preferences'
Traceback (most recent call last):
File ""/app/services/user.py"", line 88, in get_user
prefs = user_data['user_preferences']
KeyError: 'user_preferences'
Context: req_id=4107"                                                                                                                          ,     1
"ERROR: [target-app] Simulated Application Failure [ZeroDivisionError]: division by zero
Traceback (most recent call last):
File ""/app/main.py"", line 46, in simulate_error
_ = 100 / 0
ZeroDivisionError: division by zero
Context: req_id=5119"                                                                                                                          ,     1
DEBUG: [target-app] Serialized response payload size=412 bytes. [req_id=6546]                                                                  ,     0
INFO: [target-app] Database heartbeat query executed in 1.4ms. [req_id=3938]                                                                   ,     0
"INFO: 127.0.0.1:54320 - ""GET / HTTP/1.1"" 200 OK [req_id=7218]"                                                                              ,     0
"INFO: 172.18.0.4:38902 - ""GET /api/v1/users/profile HTTP/1.1"" 200 OK [req_id=1830]"                                                         ,     0
"ERROR: [target-app] Simulated Application Failure [TimeoutError]: Database connection timed out after 30000ms: host=db-replica-1.internal:5432
Traceback (most recent call last):
File ""/app/main.py"", line 50, in simulate_error
raise TimeoutError(""Database connection timed out after 30000ms: host=db-replica-1.internal:5432"")
TimeoutError: Database connection timed out after 30000ms: host=db-replica-1.internal:5432
Context: req_id=7182"                                                                                                                          ,     1
"ERROR: [target-app] Memory limit exceeded: MemoryError: unable to allocate 512MiB for buffer
Traceback (most recent call last):
File ""/app/utils/export.py"", line 15, in export_large_dataset
buffer = bytearray(512 * 1024 * 1024)
MemoryError
Context: req_id=7837"                                                                                                                          ,     1
INFO: [target-app] Batch job finished successfully: processed 150 records. [req_id=4143]                                                       ,     0
"INFO: 172.18.0.4:38902 - ""GET /api/v1/users/profile HTTP/1.1"" 200 OK [req_id=1667]"                                                         ,     0
"ERROR: [target-app] Database query failed: OperationalError: connection refused to 10.0.1.5:5432
Traceback (most recent call last):
File ""/app/db/session.py"", line 29, in get_db
conn = psycopg2.connect(dsn)
psycopg2.OperationalError: could not connect to server: Connection refused
Context: req_id=2374"                                                                                                                          ,     1
INFO: [target-app] Batch job finished successfully: processed 150 records. [req_id=1402]                                                       ,     0
"ERROR: [target-app] Unhandled Exception: KeyError: 'user_preferences'
Traceback (most recent call last):
File ""/app/services/user.py"", line 88, in get_user
prefs = user_data['user_preferences']
KeyError: 'user_preferences'
Context: req_id=2709"                                                                                                                          ,     1
"ERROR: [target-app] Simulated Application Failure [FileNotFoundError]: Configuration file '/app/config/settings.yaml' not found in path.
Traceback (most recent call last):
File ""/app/main.py"", line 42, in simulate_error
raise FileNotFoundError(""Configuration file '/app/config/settings.yaml' not found in path."")
FileNotFoundError: Configuration file '/app/config/settings.yaml' not found in path.
Context: req_id=8926"                                                                                                                          ,     1
"ERROR: [target-app] Simulated Application Failure [FileNotFoundError]: Configuration file '/app/config/settings.yaml' not found in path.
Traceback (most recent call last):
File ""/app/main.py"", line 42, in simulate_error
raise FileNotFoundError(""Configuration file '/app/config/settings.yaml' not found in path."")
FileNotFoundError: Configuration file '/app/config/settings.yaml' not found in path.
Context: req_id=2791"                                                                                                                          ,     1
INFO: [target-app] Background log drain synced 45 events to collector. [req_id=7896]                                                           ,     0
"INFO: 192.168.1.100:60124 - ""POST /api/v1/login HTTP/1.1"" 200 OK [req_id=8671]"                                                             ,     0
"INFO: 10.0.2.15:52130 - ""GET /metrics HTTP/1.1"" 200 OK [req_id=1356]"                                                                       ,     0
INFO: [target-app] Cache hit for key 'product_catalog_v2' latency=0.2ms. [req_id=2111]                                                         ,     0
DEBUG: [target-app] Serialized response payload size=412 bytes. [req_id=1956]                                                                  ,     0
"ERROR: [target-app] Unhandled Exception: KeyError: 'user_preferences'
Traceback (most recent call last):
File ""/app/services/user.py"", line 88, in get_user
prefs = user_data['user_preferences']
KeyError: 'user_preferences'
Context: req_id=6796"                                                                                                                          ,     1
"ERROR: [target-app] Memory limit exceeded: MemoryError: unable to allocate 512MiB for buffer
Traceback (most recent call last):
File ""/app/utils/export.py"", line 15, in export_large_dataset
buffer = bytearray(512 * 1024 * 1024)
MemoryError
Context: req_id=9692"                                                                                                                          ,     1
INFO: [target-app] Background log drain synced 45 events to collector. [req_id=9144]                                                           ,     0
"ERROR: [target-app] Simulated Application Failure [FileNotFoundError]: Configuration file '/app/config/settings.yaml' not found in path.
Traceback (most recent call last):
File ""/app/main.py"", line 42, in simulate_error
raise FileNotFoundError(""Configuration file '/app/config/settings.yaml' not found in path."")
FileNotFoundError: Configuration file '/app/config/settings.yaml' not found in path.
Context: req_id=8450"                                                                                                                          ,     1
"INFO: 127.0.0.1:54320 - ""GET / HTTP/1.1"" 200 OK [req_id=6513]"                                                                              ,     0
"INFO: 10.0.2.15:52130 - ""GET /metrics HTTP/1.1"" 200 OK [req_id=7514]"                                                                       ,     0
"ERROR: [target-app] Database query failed: OperationalError: connection refused to 10.0.1.5:5432
Traceback (most recent call last):
File ""/app/db/session.py"", line 29, in get_db
conn = psycopg2.connect(dsn)
psycopg2.OperationalError: could not connect to server: Connection refused
Context: req_id=8054"                                                                                                                          ,     1
"ERROR: [target-app] Simulated Application Failure [ZeroDivisionError]: division by zero
Traceback (most recent call last):
File ""/app/main.py"", line 46, in simulate_error
_ = 100 / 0
ZeroDivisionError: division by zero
Context: req_id=3232"                                                                                                                          ,     1
"ERROR: [target-app] Simulated Application Failure [FileNotFoundError]: Configuration file '/app/config/settings.yaml' not found in path.
Traceback (most recent call last):
File ""/app/main.py"", line 42, in simulate_error
raise FileNotFoundError(""Configuration file '/app/config/settings.yaml' not found in path."")
FileNotFoundError: Configuration file '/app/config/settings.yaml' not found in path.
Context: req_id=3677"                                                                                                                          ,     1
INFO: [target-app] TLS handshake completed successfully with cipher TLS_AES_256_GCM_SHA384. [req_id=7817]                                      ,     0
INFO: [target-app] Batch job finished successfully: processed 150 records. [req_id=5580]                                                       ,     0
"ERROR: [target-app] Simulated Application Failure [TimeoutError]: Database connection timed out after 30000ms: host=db-replica-1.internal:5432
Traceback (most recent call last):
File ""/app/main.py"", line 50, in simulate_error
raise TimeoutError(""Database connection timed out after 30000ms: host=db-replica-1.internal:5432"")
TimeoutError: Database connection timed out after 30000ms: host=db-replica-1.internal:5432
Context: req_id=1632"                                                                                                                          ,     1
"INFO: 127.0.0.1:54320 - ""GET / HTTP/1.1"" 200 OK [req_id=3865]"                                                                              ,     0
INFO: [target-app] Batch job finished successfully: processed 150 records. [req_id=8716]                                                       ,     0
"ERROR: [target-app] Unhandled Exception: KeyError: 'user_preferences'
Traceback (most recent call last):
File ""/app/services/user.py"", line 88, in get_user
prefs = user_data['user_preferences']
KeyError: 'user_preferences'
Context: req_id=1863"                                                                                                                          ,     1
"INFO: 10.0.2.15:52130 - ""GET /metrics HTTP/1.1"" 200 OK [req_id=9742]"                                                                       ,     0
INFO: [target-app] TLS handshake completed successfully with cipher TLS_AES_256_GCM_SHA384. [req_id=5798]                                      ,     0
"ERROR: [target-app] HTTP 500 Internal Server Error: NullPointerException in auth verification
Traceback (most recent call last):
File ""/app/middleware/auth.py"", line 64, in authenticate
user_role = token_claims['role']
TypeError: 'NoneType' object is not subscriptable
Context: req_id=5135"                                                                                                                          ,     1
"ERROR: [target-app] Database query failed: OperationalError: connection refused to 10.0.1.5:5432
Traceback (most recent call last):
File ""/app/db/session.py"", line 29, in get_db
conn = psycopg2.connect(dsn)
psycopg2.OperationalError: could not connect to server: Connection refused
Context: req_id=9218"                                                                                                                          ,     1
INFO: [target-app] Health check probe passed. All downstream dependencies reachable. [req_id=7124]                                             ,     0
"ERROR: [target-app] Simulated Application Failure [ZeroDivisionError]: division by zero
Traceback (most recent call last):
File ""/app/main.py"", line 46, in simulate_error
_ = 100 / 0
ZeroDivisionError: division by zero
Context: req_id=1447"                                                                                                                          ,     1
INFO: [target-app] Database heartbeat query executed in 1.4ms. [req_id=7464]                                                                   ,     0
"ERROR: [target-app] Database query failed: OperationalError: connection refused to 10.0.1.5:5432
Traceback (most recent call last):
File ""/app/db/session.py"", line 29, in get_db
conn = psycopg2.connect(dsn)
psycopg2.OperationalError: could not connect to server: Connection refused
Context: req_id=4259"                                                                                                                          ,     1
INFO: [target-app] Database heartbeat query executed in 1.4ms. [req_id=5408]                                                                   ,     0
"ERROR: [target-app] Simulated Application Failure [ZeroDivisionError]: division by zero
Traceback (most recent call last):
File ""/app/main.py"", line 46, in simulate_error
_ = 100 / 0
ZeroDivisionError: division by zero
Context: req_id=1345"                                                                                                                          ,     1
"ERROR: [target-app] Memory limit exceeded: MemoryError: unable to allocate 512MiB for buffer
Traceback (most recent call last):
File ""/app/utils/export.py"", line 15, in export_large_dataset
buffer = bytearray(512 * 1024 * 1024)
MemoryError
Context: req_id=7914"                                                                                                                          ,     1
"INFO: 10.0.2.15:52130 - ""GET /metrics HTTP/1.1"" 200 OK [req_id=1920]"                                                                       ,     0
"INFO: 127.0.0.1:44302 - ""POST /api/v1/checkout HTTP/1.1"" 201 Created [req_id=3457]"                                                         ,     0
INFO: [target-app] Background log drain synced 45 events to collector. [req_id=7429]                                                           ,     0
"ERROR: [target-app] Database query failed: OperationalError: connection refused to 10.0.1.5:5432
Traceback (most recent call last):
File ""/app/db/session.py"", line 29, in get_db
conn = psycopg2.connect(dsn)
psycopg2.OperationalError: could not connect to server: Connection refused
Context: req_id=3626"                                                                                                                          ,     1
"INFO: 127.0.0.1:54320 - ""GET / HTTP/1.1"" 200 OK [req_id=7580]"                                                                              ,     0
INFO: [target-app] TLS handshake completed successfully with cipher TLS_AES_256_GCM_SHA384. [req_id=4715]                                      ,     0
"ERROR: [target-app] Simulated Application Failure [FileNotFoundError]: Configuration file '/app/config/settings.yaml' not found in path.
Traceback (most recent call last):
File ""/app/main.py"", line 42, in simulate_error
raise FileNotFoundError(""Configuration file '/app/config/settings.yaml' not found in path."")
FileNotFoundError: Configuration file '/app/config/settings.yaml' not found in path.
Context: req_id=6015"                                                                                                                          ,     1
"ERROR: [target-app] Unhandled Exception: KeyError: 'user_preferences'
Traceback (most recent call last):
File ""/app/services/user.py"", line 88, in get_user
prefs = user_data['user_preferences']
KeyError: 'user_preferences'
Context: req_id=2171"                                                                                                                          ,     1
"ERROR: [target-app] HTTP 500 Internal Server Error: NullPointerException in auth verification
Traceback (most recent call last):
File ""/app/middleware/auth.py"", line 64, in authenticate
user_role = token_claims['role']
TypeError: 'NoneType' object is not subscriptable
Context: req_id=4231"                                                                                                                          ,     1
"ERROR: [target-app] Memory limit exceeded: MemoryError: unable to allocate 512MiB for buffer
Traceback (most recent call last):
File ""/app/utils/export.py"", line 15, in export_large_dataset
buffer = bytearray(512 * 1024 * 1024)
MemoryError
Context: req_id=6118"                                                                                                                          ,     1
"INFO: 10.0.0.12:49152 - ""GET /health HTTP/1.1"" 200 OK [req_id=6878]"                                                                        ,     0
"ERROR: [target-app] HTTP 500 Internal Server Error: NullPointerException in auth verification
Traceback (most recent call last):
File ""/app/middleware/auth.py"", line 64, in authenticate
user_role = token_claims['role']
TypeError: 'NoneType' object is not subscriptable
Context: req_id=1005"                                                                                                                          ,     1
"ERROR: [target-app] Simulated Application Failure [ZeroDivisionError]: division by zero
Traceback (most recent call last):
File ""/app/main.py"", line 46, in simulate_error
_ = 100 / 0
ZeroDivisionError: division by zero
Context: req_id=8498"                                                                                                                          ,     1
INFO: [target-app] Database heartbeat query executed in 1.4ms. [req_id=6367]                                                                   ,     0
INFO: [target-app] Database heartbeat query executed in 1.4ms. [req_id=6504]                                                                   ,     0
INFO: [target-app] Health check probe passed. All downstream dependencies reachable. [req_id=4306]                                             ,     0
"INFO: 10.0.2.15:52130 - ""GET /metrics HTTP/1.1"" 200 OK [req_id=4888]"                                                                       ,     0
INFO: [target-app] Batch job finished successfully: processed 150 records. [req_id=2955]                                                       ,     0
"ERROR: [target-app] Memory limit exceeded: MemoryError: unable to allocate 512MiB for buffer
Traceback (most recent call last):
File ""/app/utils/export.py"", line 15, in export_large_dataset
buffer = bytearray(512 * 1024 * 1024)
MemoryError
Context: req_id=6519"                                                                                                                          ,     1
"ERROR: [target-app] HTTP 500 Internal Server Error: NullPointerException in auth verification
Traceback (most recent call last):
File ""/app/middleware/auth.py"", line 64, in authenticate
user_role = token_claims['role']
TypeError: 'NoneType' object is not subscriptable
Context: req_id=8140"                                                                                                                          ,     1
INFO: [target-app] Database heartbeat query executed in 1.4ms. [req_id=6555]                                                                   ,     0
"ERROR: [target-app] Unhandled Exception: KeyError: 'user_preferences'
Traceback (most recent call last):
File ""/app/services/user.py"", line 88, in get_user
prefs = user_data['user_preferences']
KeyError: 'user_preferences'
Context: req_id=9788"                                                                                                                          ,     1
"ERROR: [target-app] HTTP 500 Internal Server Error: NullPointerException in auth verification
Traceback (most recent call last):
File ""/app/middleware/auth.py"", line 64, in authenticate
user_role = token_claims['role']
TypeError: 'NoneType' object is not subscriptable
Context: req_id=5060"                                                                                                                          ,     1
"ERROR: [target-app] Simulated Application Failure [TimeoutError]: Database connection timed out after 30000ms: host=db-replica-1.internal:5432
Traceback (most recent call last):
File ""/app/main.py"", line 50, in simulate_error
raise TimeoutError(""Database connection timed out after 30000ms: host=db-replica-1.internal:5432"")
TimeoutError: Database connection timed out after 30000ms: host=db-replica-1.internal:5432
Context: req_id=7542"                                                                                                                          ,     1
INFO: [target-app] Cache hit for key 'product_catalog_v2' latency=0.2ms. [req_id=5849]                                                         ,     0
"ERROR: [target-app] Database query failed: OperationalError: connection refused to 10.0.1.5:5432
Traceback (most recent call last):
File ""/app/db/session.py"", line 29, in get_db
conn = psycopg2.connect(dsn)
psycopg2.OperationalError: could not connect to server: Connection refused
Context: req_id=6753"                                                                                                                          ,     1
"ERROR: [target-app] Memory limit exceeded: MemoryError: unable to allocate 512MiB for buffer
Traceback (most recent call last):
File ""/app/utils/export.py"", line 15, in export_large_dataset
buffer = bytearray(512 * 1024 * 1024)
MemoryError
Context: req_id=7398"                                                                                                                          ,     1
"INFO: 127.0.0.1:44302 - ""POST /api/v1/checkout HTTP/1.1"" 201 Created [req_id=1681]"                                                         ,     0
"ERROR: [target-app] Database query failed: OperationalError: connection refused to 10.0.1.5:5432
Traceback (most recent call last):
File ""/app/db/session.py"", line 29, in get_db
conn = psycopg2.connect(dsn)
psycopg2.OperationalError: could not connect to server: Connection refused
Context: req_id=2352"                                                                                                                          ,     1
"INFO: 10.0.0.12:49152 - ""GET /health HTTP/1.1"" 200 OK [req_id=5829]"                                                                        ,     0
"INFO: 10.0.0.12:49152 - ""GET /health HTTP/1.1"" 200 OK [req_id=8694]"                                                                        ,     0
"INFO: 127.0.0.1:44302 - ""POST /api/v1/checkout HTTP/1.1"" 201 Created [req_id=8561]"                                                         ,     0
"ERROR: [target-app] Database query failed: OperationalError: connection refused to 10.0.1.5:5432
Traceback (most recent call last):
File ""/app/db/session.py"", line 29, in get_db
conn = psycopg2.connect(dsn)
psycopg2.OperationalError: could not connect to server: Connection refused
Context: req_id=9606"                                                                                                                          ,     1
"ERROR: [target-app] Simulated Application Failure [FileNotFoundError]: Configuration file '/app/config/settings.yaml' not found in path.
Traceback (most recent call last):
File ""/app/main.py"", line 42, in simulate_error
raise FileNotFoundError(""Configuration file '/app/config/settings.yaml' not found in path."")
FileNotFoundError: Configuration file '/app/config/settings.yaml' not found in path.
Context: req_id=3184"                                                                                                                          ,     1
"ERROR: [target-app] Database query failed: OperationalError: connection refused to 10.0.1.5:5432
Traceback (most recent call last):
File ""/app/db/session.py"", line 29, in get_db
conn = psycopg2.connect(dsn)
psycopg2.OperationalError: could not connect to server: Connection refused
Context: req_id=8132"                                                                                                                          ,     1
"ERROR: [target-app] HTTP 500 Internal Server Error: NullPointerException in auth verification
Traceback (most recent call last):
File ""/app/middleware/auth.py"", line 64, in authenticate
user_role = token_claims['role']
TypeError: 'NoneType' object is not subscriptable
Context: req_id=9267"                                                                                                                          ,     1
"ERROR: [target-app] Database query failed: OperationalError: connection refused to 10.0.1.5:5432
Traceback (most recent call last):
File ""/app/db/session.py"", line 29, in get_db
conn = psycopg2.connect(dsn)
psycopg2.OperationalError: could not connect to server: Connection refused
Context: req_id=4527"                                                                                                                          ,     1
"ERROR: [target-app] Simulated Application Failure [FileNotFoundError]: Configuration file '/app/config/settings.yaml' not found in path.
Traceback (most recent call last):
File ""/app/main.py"", line 42, in simulate_error
raise FileNotFoundError(""Configuration file '/app/config/settings.yaml' not found in path."")
FileNotFoundError: Configuration file '/app/config/settings.yaml' not found in path.
Context: req_id=8284"                                                                                                                          ,     1
"ERROR: [target-app] Memory limit exceeded: MemoryError: unable to allocate 512MiB for buffer
Traceback (most recent call last):
File ""/app/utils/export.py"", line 15, in export_large_dataset
buffer = bytearray(512 * 1024 * 1024)
MemoryError
Context: req_id=3610"                                                                                                                          ,     1
"ERROR: [target-app] Database query failed: OperationalError: connection refused to 10.0.1.5:5432
Traceback (most recent call last):
File ""/app/db/session.py"", line 29, in get_db
conn = psycopg2.connect(dsn)
psycopg2.OperationalError: could not connect to server: Connection refused
Context: req_id=2320"                                                                                                                          ,     1
"ERROR: [target-app] Simulated Application Failure [TimeoutError]: Database connection timed out after 30000ms: host=db-replica-1.internal:5432
Traceback (most recent call last):
File ""/app/main.py"", line 50, in simulate_error
raise TimeoutError(""Database connection timed out after 30000ms: host=db-replica-1.internal:5432"")
TimeoutError: Database connection timed out after 30000ms: host=db-replica-1.internal:5432
Context: req_id=8736"                                                                                                                          ,     1
DEBUG: [target-app] Serialized response payload size=412 bytes. [req_id=9477]                                                                  ,     0
INFO: [target-app] Cache hit for key 'product_catalog_v2' latency=0.2ms. [req_id=3293]                                                         ,     0
"INFO: 127.0.0.1:54320 - ""GET / HTTP/1.1"" 200 OK [req_id=5628]"                                                                              ,     0
"INFO: 172.18.0.4:38902 - ""GET /api/v1/users/profile HTTP/1.1"" 200 OK [req_id=5538]"                                                         ,     0
"ERROR: [target-app] Simulated Application Failure [TimeoutError]: Database connection timed out after 30000ms: host=db-replica-1.internal:5432
Traceback (most recent call last):
File ""/app/main.py"", line 50, in simulate_error
raise TimeoutError(""Database connection timed out after 30000ms: host=db-replica-1.internal:5432"")
TimeoutError: Database connection timed out after 30000ms: host=db-replica-1.internal:5432
Context: req_id=2305"                                                                                                                          ,     1
INFO: [target-app] Cache hit for key 'product_catalog_v2' latency=0.2ms. [req_id=8912]                                                         ,     0
"ERROR: [target-app] Simulated Application Failure [TimeoutError]: Database connection timed out after 30000ms: host=db-replica-1.internal:5432
Traceback (most recent call last):
File ""/app/main.py"", line 50, in simulate_error
raise TimeoutError(""Database connection timed out after 30000ms: host=db-replica-1.internal:5432"")
TimeoutError: Database connection timed out after 30000ms: host=db-replica-1.internal:5432
Context: req_id=5461"                                                                                                                          ,     1
"ERROR: [target-app] Unhandled Exception: KeyError: 'user_preferences'
Traceback (most recent call last):
File ""/app/services/user.py"", line 88, in get_user
prefs = user_data['user_preferences']
KeyError: 'user_preferences'
Context: req_id=6111"                                                                                                                          ,     1
"INFO: 127.0.0.1:44302 - ""POST /api/v1/checkout HTTP/1.1"" 201 Created [req_id=6724]"                                                         ,     0
"INFO: 10.0.2.15:52130 - ""GET /metrics HTTP/1.1"" 200 OK [req_id=4418]"                                                                       ,     0
"ERROR: [target-app] Simulated Application Failure [TimeoutError]: Database connection timed out after 30000ms: host=db-replica-1.internal:5432
Traceback (most recent call last):
File ""/app/main.py"", line 50, in simulate_error
raise TimeoutError(""Database connection timed out after 30000ms: host=db-replica-1.internal:5432"")
TimeoutError: Database connection timed out after 30000ms: host=db-replica-1.internal:5432
Context: req_id=4542"                                                                                                                          ,     1
"INFO: 127.0.0.1:44302 - ""POST /api/v1/checkout HTTP/1.1"" 201 Created [req_id=1827]"                                                         ,     0
"ERROR: [target-app] Memory limit exceeded: MemoryError: unable to allocate 512MiB for buffer
Traceback (most recent call last):
File ""/app/utils/export.py"", line 15, in export_large_dataset
buffer = bytearray(512 * 1024 * 1024)
MemoryError
Context: req_id=9446"                                                                                                                          ,     1
"INFO: 127.0.0.1:54320 - ""GET / HTTP/1.1"" 200 OK [req_id=4388]"                                                                              ,     0
INFO: [target-app] Cache hit for key 'product_catalog_v2' latency=0.2ms. [req_id=2419]                                                         ,     0
INFO: [target-app] Health check probe passed. All downstream dependencies reachable. [req_id=8222]                                             ,     0
"ERROR: [target-app] Simulated Application Failure [ZeroDivisionError]: division by zero
Traceback (most recent call last):
File ""/app/main.py"", line 46, in simulate_error
_ = 100 / 0
ZeroDivisionError: division by zero
Context: req_id=8365"                                                                                                                          ,     1
"INFO: 172.18.0.4:38902 - ""GET /api/v1/users/profile HTTP/1.1"" 200 OK [req_id=1507]"                                                         ,     0
INFO: [target-app] User session refreshed token_id=tok_9a8f7b2c. [req_id=6358]                                                                 ,     0
INFO: [target-app] User session refreshed token_id=tok_9a8f7b2c. [req_id=9894]                                                                 ,     0
"INFO: 127.0.0.1:54320 - ""GET / HTTP/1.1"" 200 OK [req_id=9888]"                                                                              ,     0
"INFO: 192.168.1.100:60124 - ""POST /api/v1/login HTTP/1.1"" 200 OK [req_id=9272]"                                                             ,     0
"ERROR: [target-app] Simulated Application Failure [FileNotFoundError]: Configuration file '/app/config/settings.yaml' not found in path.
Traceback (most recent call last):
File ""/app/main.py"", line 42, in simulate_error
raise FileNotFoundError(""Configuration file '/app/config/settings.yaml' not found in path."")
FileNotFoundError: Configuration file '/app/config/settings.yaml' not found in path.
Context: req_id=2887"                                                                                                                          ,     1
"INFO: 127.0.0.1:44302 - ""POST /api/v1/checkout HTTP/1.1"" 201 Created [req_id=3635]"                                                         ,     0
"ERROR: [target-app] Memory limit exceeded: MemoryError: unable to allocate 512MiB for buffer
Traceback (most recent call last):
File ""/app/utils/export.py"", line 15, in export_large_dataset
buffer = bytearray(512 * 1024 * 1024)
MemoryError
Context: req_id=3925"                                                                                                                          ,     1
"ERROR: [target-app] Memory limit exceeded: MemoryError: unable to allocate 512MiB for buffer
Traceback (most recent call last):
File ""/app/utils/export.py"", line 15, in export_large_dataset
buffer = bytearray(512 * 1024 * 1024)
MemoryError
Context: req_id=3350"                                                                                                                          ,     1
"ERROR: [target-app] Unhandled Exception: KeyError: 'user_preferences'
Traceback (most recent call last):
File ""/app/services/user.py"", line 88, in get_user
prefs = user_data['user_preferences']
KeyError: 'user_preferences'
Context: req_id=7735"                                                                                                                          ,     1
"INFO: 192.168.1.100:60124 - ""POST /api/v1/login HTTP/1.1"" 200 OK [req_id=7463]"                                                             ,     0
"INFO: 127.0.0.1:54320 - ""GET / HTTP/1.1"" 200 OK [req_id=9629]"                                                                              ,     0
INFO: [target-app] Cache hit for key 'product_catalog_v2' latency=0.2ms. [req_id=8336]                                                         ,     0
INFO: [target-app] Batch job finished successfully: processed 150 records. [req_id=6178]                                                       ,     0
"ERROR: [target-app] Simulated Application Failure [TimeoutError]: Database connection timed out after 30000ms: host=db-replica-1.internal:5432
Traceback (most recent call last):
File ""/app/main.py"", line 50, in simulate_error
raise TimeoutError(""Database connection timed out after 30000ms: host=db-replica-1.internal:5432"")
TimeoutError: Database connection timed out after 30000ms: host=db-replica-1.internal:5432
Context: req_id=7947"                                                                                                                          ,     1
DEBUG: [target-app] Serialized response payload size=412 bytes. [req_id=8213]                                                                  ,     0
INFO: [target-app] Database heartbeat query executed in 1.4ms. [req_id=4618]                                                                   ,     0
INFO: [target-app] Batch job finished successfully: processed 150 records. [req_id=1947]                                                       ,     0
"ERROR: [target-app] Simulated Application Failure [TimeoutError]: Database connection timed out after 30000ms: host=db-replica-1.internal:5432
Traceback (most recent call last):
File ""/app/main.py"", line 50, in simulate_error
raise TimeoutError(""Database connection timed out after 30000ms: host=db-replica-1.internal:5432"")
TimeoutError: Database connection timed out after 30000ms: host=db-replica-1.internal:5432
Context: req_id=4542"                                                                                                                          ,     1
"ERROR: [target-app] Database query failed: OperationalError: connection refused to 10.0.1.5:5432
Traceback (most recent call last):
File ""/app/db/session.py"", line 29, in get_db
conn = psycopg2.connect(dsn)
psycopg2.OperationalError: could not connect to server: Connection refused
Context: req_id=6953"                                                                                                                          ,     1
"INFO: 127.0.0.1:44302 - ""POST /api/v1/checkout HTTP/1.1"" 201 Created [req_id=1845]"                                                         ,     0
"ERROR: [target-app] HTTP 500 Internal Server Error: NullPointerException in auth verification
Traceback (most recent call last):
File ""/app/middleware/auth.py"", line 64, in authenticate
user_role = token_claims['role']
TypeError: 'NoneType' object is not subscriptable
Context: req_id=9737"                                                                                                                          ,     1
INFO: [target-app] Cache hit for key 'product_catalog_v2' latency=0.2ms. [req_id=7605]                                                         ,     0
"ERROR: [target-app] Simulated Application Failure [ZeroDivisionError]: division by zero
Traceback (most recent call last):
File ""/app/main.py"", line 46, in simulate_error
_ = 100 / 0
ZeroDivisionError: division by zero
Context: req_id=7226"                                                                                                                          ,     1
"INFO: 172.18.0.4:38902 - ""GET /api/v1/users/profile HTTP/1.1"" 200 OK [req_id=4094]"                                                         ,     0
"ERROR: [target-app] Unhandled Exception: KeyError: 'user_preferences'
Traceback (most recent call last):
File ""/app/services/user.py"", line 88, in get_user
prefs = user_data['user_preferences']
KeyError: 'user_preferences'
Context: req_id=9418"                                                                                                                          ,     1
"ERROR: [target-app] Simulated Application Failure [ZeroDivisionError]: division by zero
Traceback (most recent call last):
File ""/app/main.py"", line 46, in simulate_error
_ = 100 / 0
ZeroDivisionError: division by zero
Context: req_id=1111"                                                                                                                          ,     1
"INFO: 127.0.0.1:54320 - ""GET / HTTP/1.1"" 200 OK [req_id=1373]"                                                                              ,     0
"INFO: 172.18.0.4:38902 - ""GET /api/v1/users/profile HTTP/1.1"" 200 OK [req_id=3698]"                                                         ,     0
INFO: [target-app] Batch job finished successfully: processed 150 records. [req_id=3183]                                                       ,     0
"ERROR: [target-app] Simulated Application Failure [FileNotFoundError]: Configuration file '/app/config/settings.yaml' not found in path.
Traceback (most recent call last):
File ""/app/main.py"", line 42, in simulate_error
raise FileNotFoundError(""Configuration file '/app/config/settings.yaml' not found in path."")
FileNotFoundError: Configuration file '/app/config/settings.yaml' not found in path.
Context: req_id=1486"                                                                                                                          ,     1
"INFO: 192.168.1.100:60124 - ""POST /api/v1/login HTTP/1.1"" 200 OK [req_id=3176]"                                                             ,     0
INFO: [target-app] Database heartbeat query executed in 1.4ms. [req_id=7453]                                                                   ,     0
"ERROR: [target-app] Unhandled Exception: KeyError: 'user_preferences'
Traceback (most recent call last):
File ""/app/services/user.py"", line 88, in get_user
prefs = user_data['user_preferences']
KeyError: 'user_preferences'
Context: req_id=1882"                                                                                                                          ,     1
"ERROR: [target-app] HTTP 500 Internal Server Error: NullPointerException in auth verification
Traceback (most recent call last):
File ""/app/middleware/auth.py"", line 64, in authenticate
user_role = token_claims['role']
TypeError: 'NoneType' object is not subscriptable
Context: req_id=1689"                                                                                                                          ,     1
"ERROR: [target-app] Simulated Application Failure [TimeoutError]: Database connection timed out after 30000ms: host=db-replica-1.internal:5432
Traceback (most recent call last):
File ""/app/main.py"", line 50, in simulate_error
raise TimeoutError(""Database connection timed out after 30000ms: host=db-replica-1.internal:5432"")
TimeoutError: Database connection timed out after 30000ms: host=db-replica-1.internal:5432
Context: req_id=6362"                                                                                                                          ,     1
DEBUG: [target-app] Serialized response payload size=412 bytes. [req_id=8477]                                                                  ,     0
"ERROR: [target-app] Unhandled Exception: KeyError: 'user_preferences'
Traceback (most recent call last):
File ""/app/services/user.py"", line 88, in get_user
prefs = user_data['user_preferences']
KeyError: 'user_preferences'
Context: req_id=7868"                                                                                                                          ,     1
"ERROR: [target-app] Simulated Application Failure [TimeoutError]: Database connection timed out after 30000ms: host=db-replica-1.internal:5432
Traceback (most recent call last):
File ""/app/main.py"", line 50, in simulate_error
raise TimeoutError(""Database connection timed out after 30000ms: host=db-replica-1.internal:5432"")
TimeoutError: Database connection timed out after 30000ms: host=db-replica-1.internal:5432
Context: req_id=3489"                                                                                                                          ,     1
"ERROR: [target-app] Simulated Application Failure [FileNotFoundError]: Configuration file '/app/config/settings.yaml' not found in path.
Traceback (most recent call last):
File ""/app/main.py"", line 42, in simulate_error
raise FileNotFoundError(""Configuration file '/app/config/settings.yaml' not found in path."")
FileNotFoundError: Configuration file '/app/config/settings.yaml' not found in path.
Context: req_id=5203"                                                                                                                          ,     1
INFO: [target-app] TLS handshake completed successfully with cipher TLS_AES_256_GCM_SHA384. [req_id=6094]                                      ,     0
"ERROR: [target-app] Database query failed: OperationalError: connection refused to 10.0.1.5:5432
Traceback (most recent call last):
File ""/app/db/session.py"", line 29, in get_db
conn = psycopg2.connect(dsn)
psycopg2.OperationalError: could not connect to server: Connection refused
Context: req_id=5404"                                                                                                                          ,     1
"INFO: 10.0.0.12:49152 - ""GET /health HTTP/1.1"" 200 OK [req_id=1958]"                                                                        ,     0
"ERROR: [target-app] Simulated Application Failure [FileNotFoundError]: Configuration file '/app/config/settings.yaml' not found in path.
Traceback (most recent call last):
File ""/app/main.py"", line 42, in simulate_error
raise FileNotFoundError(""Configuration file '/app/config/settings.yaml' not found in path."")
FileNotFoundError: Configuration file '/app/config/settings.yaml' not found in path.
Context: req_id=9844"                                                                                                                          ,     1
INFO: [target-app] Database heartbeat query executed in 1.4ms. [req_id=2974]                                                                   ,     0
INFO: [target-app] Processed request GET / successfully with status 200 OK. [req_id=8472]                                                      ,     0
"ERROR: [target-app] Database query failed: OperationalError: connection refused to 10.0.1.5:5432
Traceback (most recent call last):
File ""/app/db/session.py"", line 29, in get_db
conn = psycopg2.connect(dsn)
psycopg2.OperationalError: could not connect to server: Connection refused
Context: req_id=3395"                                                                                                                          ,     1
"ERROR: [target-app] Simulated Application Failure [FileNotFoundError]: Configuration file '/app/config/settings.yaml' not found in path.
Traceback (most recent call last):
File ""/app/main.py"", line 42, in simulate_error
raise FileNotFoundError(""Configuration file '/app/config/settings.yaml' not found in path."")
FileNotFoundError: Configuration file '/app/config/settings.yaml' not found in path.
Context: req_id=7465"                                                                                                                          ,     1
"INFO: 10.0.2.15:52130 - ""GET /metrics HTTP/1.1"" 200 OK [req_id=7548]"                                                                       ,     0
"ERROR: [target-app] Simulated Application Failure [TimeoutError]: Database connection timed out after 30000ms: host=db-replica-1.internal:5432
Traceback (most recent call last):
File ""/app/main.py"", line 50, in simulate_error
raise TimeoutError(""Database connection timed out after 30000ms: host=db-replica-1.internal:5432"")
TimeoutError: Database connection timed out after 30000ms: host=db-replica-1.internal:5432
Context: req_id=7912"                                                                                                                          ,     1
"ERROR: [target-app] Simulated Application Failure [ZeroDivisionError]: division by zero
Traceback (most recent call last):
File ""/app/main.py"", line 46, in simulate_error
_ = 100 / 0
ZeroDivisionError: division by zero
Context: req_id=2280"                                                                                                                          ,     1
INFO: [target-app] Database heartbeat query executed in 1.4ms. [req_id=4063]                                                                   ,     0
"INFO: 172.18.0.4:38902 - ""GET /api/v1/users/profile HTTP/1.1"" 200 OK [req_id=7679]"                                                         ,     0
INFO: [target-app] User session refreshed token_id=tok_9a8f7b2c. [req_id=9661]                                                                 ,     0
"INFO: 192.168.1.100:60124 - ""POST /api/v1/login HTTP/1.1"" 200 OK [req_id=4451]"                                                             ,     0
"ERROR: [target-app] Simulated Application Failure [FileNotFoundError]: Configuration file '/app/config/settings.yaml' not found in path.
Traceback (most recent call last):
File ""/app/main.py"", line 42, in simulate_error
raise FileNotFoundError(""Configuration file '/app/config/settings.yaml' not found in path."")
FileNotFoundError: Configuration file '/app/config/settings.yaml' not found in path.
Context: req_id=6423"                                                                                                                          ,     1
"ERROR: [target-app] Simulated Application Failure [ZeroDivisionError]: division by zero
Traceback (most recent call last):
File ""/app/main.py"", line 46, in simulate_error
_ = 100 / 0
ZeroDivisionError: division by zero
Context: req_id=5632"                                                                                                                          ,     1
"ERROR: [target-app] Database query failed: OperationalError: connection refused to 10.0.1.5:5432
Traceback (most recent call last):
File ""/app/db/session.py"", line 29, in get_db
conn = psycopg2.connect(dsn)
psycopg2.OperationalError: could not connect to server: Connection refused
Context: req_id=1088"                                                                                                                          ,     1
"ERROR: [target-app] Simulated Application Failure [TimeoutError]: Database connection timed out after 30000ms: host=db-replica-1.internal:5432
Traceback (most recent call last):
File ""/app/main.py"", line 50, in simulate_error
raise TimeoutError(""Database connection timed out after 30000ms: host=db-replica-1.internal:5432"")
TimeoutError: Database connection timed out after 30000ms: host=db-replica-1.internal:5432
Context: req_id=9137"                                                                                                                          ,     1
"INFO: 172.18.0.4:38902 - ""GET /api/v1/users/profile HTTP/1.1"" 200 OK [req_id=6787]"                                                         ,     0
INFO: [target-app] Background log drain synced 45 events to collector. [req_id=7633]                                                           ,     0
"ERROR: [target-app] HTTP 500 Internal Server Error: NullPointerException in auth verification
Traceback (most recent call last):
File ""/app/middleware/auth.py"", line 64, in authenticate
user_role = token_claims['role']
TypeError: 'NoneType' object is not subscriptable
Context: req_id=7966"                                                                                                                          ,     1
"ERROR: [target-app] Memory limit exceeded: MemoryError: unable to allocate 512MiB for buffer
Traceback (most recent call last):
File ""/app/utils/export.py"", line 15, in export_large_dataset
buffer = bytearray(512 * 1024 * 1024)
MemoryError
Context: req_id=1358"                                                                                                                          ,     1
"ERROR: [target-app] Simulated Application Failure [TimeoutError]: Database connection timed out after 30000ms: host=db-replica-1.internal:5432
Traceback (most recent call last):
File ""/app/main.py"", line 50, in simulate_error
raise TimeoutError(""Database connection timed out after 30000ms: host=db-replica-1.internal:5432"")
TimeoutError: Database connection timed out after 30000ms: host=db-replica-1.internal:5432
Context: req_id=3148"                                                                                                                          ,     1
"INFO: 192.168.1.100:60124 - ""POST /api/v1/login HTTP/1.1"" 200 OK [req_id=3393]"                                                             ,     0
"INFO: 127.0.0.1:54320 - ""GET / HTTP/1.1"" 200 OK [req_id=2561]"                                                                              ,     0
INFO: [target-app] Database heartbeat query executed in 1.4ms. [req_id=3396]                                                                   ,     0
"ERROR: [target-app] Database query failed: OperationalError: connection refused to 10.0.1.5:5432
Traceback (most recent call last):
File ""/app/db/session.py"", line 29, in get_db
conn = psycopg2.connect(dsn)
psycopg2.OperationalError: could not connect to server: Connection refused
Context: req_id=5129"                                                                                                                          ,     1
INFO: [target-app] Batch job finished successfully: processed 150 records. [req_id=9322]                                                       ,     0
"INFO: 172.18.0.4:38902 - ""GET /api/v1/users/profile HTTP/1.1"" 200 OK [req_id=7834]"                                                         ,     0
INFO: [target-app] Background log drain synced 45 events to collector. [req_id=5539]                                                           ,     0
INFO: [target-app] Processed request GET / successfully with status 200 OK. [req_id=4440]                                                      ,     0
INFO: [target-app] Batch job finished successfully: processed 150 records. [req_id=8605]                                                       ,     0
INFO: [target-app] TLS handshake completed successfully with cipher TLS_AES_256_GCM_SHA384. [req_id=2744]                                      ,     0
INFO: [target-app] Processed request GET / successfully with status 200 OK. [req_id=6081]                                                      ,     0
INFO: [target-app] Background log drain synced 45 events to collector. [req_id=6240]                                                           ,     0
"ERROR: [target-app] Database query failed: OperationalError: connection refused to 10.0.1.5:5432
Traceback (most recent call last):
File ""/app/db/session.py"", line 29, in get_db
conn = psycopg2.connect(dsn)
psycopg2.OperationalError: could not connect to server: Connection refused
Context: req_id=8354"                                                                                                                          ,     1
"ERROR: [target-app] HTTP 500 Internal Server Error: NullPointerException in auth verification
Traceback (most recent call last):
File ""/app/middleware/auth.py"", line 64, in authenticate
user_role = token_claims['role']
TypeError: 'NoneType' object is not subscriptable
Context: req_id=4526"                                                                                                                          ,     1
"ERROR: [target-app] Simulated Application Failure [TimeoutError]: Database connection timed out after 30000ms: host=db-replica-1.internal:5432
Traceback (most recent call last):
File ""/app/main.py"", line 50, in simulate_error
raise TimeoutError(""Database connection timed out after 30000ms: host=db-replica-1.internal:5432"")
TimeoutError: Database connection timed out after 30000ms: host=db-replica-1.internal:5432
Context: req_id=3712"                                                                                                                          ,     1
INFO: [target-app] TLS handshake completed successfully with cipher TLS_AES_256_GCM_SHA384. [req_id=6280]                                      ,     0
"ERROR: [target-app] Memory limit exceeded: MemoryError: unable to allocate 512MiB for buffer
Traceback (most recent call last):
File ""/app/utils/export.py"", line 15, in export_large_dataset
buffer = bytearray(512 * 1024 * 1024)
MemoryError
Context: req_id=1204"                                                                                                                          ,     1
"INFO: 10.0.2.15:52130 - ""GET /metrics HTTP/1.1"" 200 OK [req_id=4304]"                                                                       ,     0
INFO: [target-app] Cache hit for key 'product_catalog_v2' latency=0.2ms. [req_id=3928]                                                         ,     0
"ERROR: [target-app] Simulated Application Failure [FileNotFoundError]: Configuration file '/app/config/settings.yaml' not found in path.
Traceback (most recent call last):
File ""/app/main.py"", line 42, in simulate_error
raise FileNotFoundError(""Configuration file '/app/config/settings.yaml' not found in path."")
FileNotFoundError: Configuration file '/app/config/settings.yaml' not found in path.
Context: req_id=3486"                                                                                                                          ,     1
"ERROR: [target-app] Simulated Application Failure [FileNotFoundError]: Configuration file '/app/config/settings.yaml' not found in path.
Traceback (most recent call last):
File ""/app/main.py"", line 42, in simulate_error
raise FileNotFoundError(""Configuration file '/app/config/settings.yaml' not found in path."")
FileNotFoundError: Configuration file '/app/config/settings.yaml' not found in path.
Context: req_id=4052"                                                                                                                          ,     1
"INFO: 127.0.0.1:44302 - ""POST /api/v1/checkout HTTP/1.1"" 201 Created [req_id=1957]"                                                         ,     0
INFO: [target-app] Health check probe passed. All downstream dependencies reachable. [req_id=3721]                                             ,     0
INFO: [target-app] Cache hit for key 'product_catalog_v2' latency=0.2ms. [req_id=3304]                                                         ,     0
"ERROR: [target-app] Unhandled Exception: KeyError: 'user_preferences'
Traceback (most recent call last):
File ""/app/services/user.py"", line 88, in get_user
prefs = user_data['user_preferences']
KeyError: 'user_preferences'
Context: req_id=1375"                                                                                                                          ,     1
INFO: [target-app] TLS handshake completed successfully with cipher TLS_AES_256_GCM_SHA384. [req_id=1792]                                      ,     0
"ERROR: [target-app] Unhandled Exception: KeyError: 'user_preferences'
Traceback (most recent call last):
File ""/app/services/user.py"", line 88, in get_user
prefs = user_data['user_preferences']
KeyError: 'user_preferences'
Context: req_id=3418"                                                                                                                          ,     1
"INFO: 127.0.0.1:54320 - ""GET / HTTP/1.1"" 200 OK [req_id=3705]"                                                                              ,     0
INFO: [target-app] Cache hit for key 'product_catalog_v2' latency=0.2ms. [req_id=7072]                                                         ,     0
"INFO: 10.0.0.12:49152 - ""GET /health HTTP/1.1"" 200 OK [req_id=6377]"                                                                        ,     0
INFO: [target-app] Processed request GET / successfully with status 200 OK. [req_id=2005]                                                      ,     0
"ERROR: [target-app] Memory limit exceeded: MemoryError: unable to allocate 512MiB for buffer
Traceback (most recent call last):
File ""/app/utils/export.py"", line 15, in export_large_dataset
buffer = bytearray(512 * 1024 * 1024)
MemoryError
Context: req_id=5017"                                                                                                                          ,     1
"INFO: 10.0.0.12:49152 - ""GET /health HTTP/1.1"" 200 OK [req_id=5558]"                                                                        ,     0
DEBUG: [target-app] Serialized response payload size=412 bytes. [req_id=7706]                                                                  ,     0
"ERROR: [target-app] HTTP 500 Internal Server Error: NullPointerException in auth verification
Traceback (most recent call last):
File ""/app/middleware/auth.py"", line 64, in authenticate
user_role = token_claims['role']
TypeError: 'NoneType' object is not subscriptable
Context: req_id=9477"                                                                                                                          ,     1
INFO: [target-app] Health check probe passed. All downstream dependencies reachable. [req_id=2578]                                             ,     0
"ERROR: [target-app] Unhandled Exception: KeyError: 'user_preferences'
Traceback (most recent call last):
File ""/app/services/user.py"", line 88, in get_user
prefs = user_data['user_preferences']
KeyError: 'user_preferences'
Context: req_id=8284"                                                                                                                          ,     1
INFO: [target-app] Background log drain synced 45 events to collector. [req_id=8231]                                                           ,     0
DEBUG: [target-app] Serialized response payload size=412 bytes. [req_id=5494]                                                                  ,     0
"ERROR: [target-app] Unhandled Exception: KeyError: 'user_preferences'
Traceback (most recent call last):
File ""/app/services/user.py"", line 88, in get_user
prefs = user_data['user_preferences']
KeyError: 'user_preferences'
Context: req_id=6217"                                                                                                                          ,     1
"INFO: 192.168.1.100:60124 - ""POST /api/v1/login HTTP/1.1"" 200 OK [req_id=1789]"                                                             ,     0
INFO: [target-app] Batch job finished successfully: processed 150 records. [req_id=8650]                                                       ,     0
INFO: [target-app] Cache hit for key 'product_catalog_v2' latency=0.2ms. [req_id=6667]                                                         ,     0
"ERROR: [target-app] Memory limit exceeded: MemoryError: unable to allocate 512MiB for buffer
Traceback (most recent call last):
File ""/app/utils/export.py"", line 15, in export_large_dataset
buffer = bytearray(512 * 1024 * 1024)
MemoryError
Context: req_id=3734"                                                                                                                          ,     1
"INFO: 10.0.2.15:52130 - ""GET /metrics HTTP/1.1"" 200 OK [req_id=9229]"                                                                       ,     0
"ERROR: [target-app] Simulated Application Failure [ZeroDivisionError]: division by zero
Traceback (most recent call last):
File ""/app/main.py"", line 46, in simulate_error
_ = 100 / 0
ZeroDivisionError: division by zero
Context: req_id=9724"                                                                                                                          ,     1
"ERROR: [target-app] Simulated Application Failure [TimeoutError]: Database connection timed out after 30000ms: host=db-replica-1.internal:5432
Traceback (most recent call last):
File ""/app/main.py"", line 50, in simulate_error
raise TimeoutError(""Database connection timed out after 30000ms: host=db-replica-1.internal:5432"")
TimeoutError: Database connection timed out after 30000ms: host=db-replica-1.internal:5432
Context: req_id=2500"                                                                                                                          ,     1
"INFO: 127.0.0.1:44302 - ""POST /api/v1/checkout HTTP/1.1"" 201 Created [req_id=1785]"                                                         ,     0
"ERROR: [target-app] Memory limit exceeded: MemoryError: unable to allocate 512MiB for buffer
Traceback (most recent call last):
File ""/app/utils/export.py"", line 15, in export_large_dataset
buffer = bytearray(512 * 1024 * 1024)
MemoryError
Context: req_id=5665"                                                                                                                          ,     1
"ERROR: [target-app] HTTP 500 Internal Server Error: NullPointerException in auth verification
Traceback (most recent call last):
File ""/app/middleware/auth.py"", line 64, in authenticate
user_role = token_claims['role']
TypeError: 'NoneType' object is not subscriptable
Context: req_id=4310"                                                                                                                          ,     1
"ERROR: [target-app] Unhandled Exception: KeyError: 'user_preferences'
Traceback (most recent call last):
File ""/app/services/user.py"", line 88, in get_user
prefs = user_data['user_preferences']
KeyError: 'user_preferences'
Context: req_id=7855"                                                                                                                          ,     1
"ERROR: [target-app] HTTP 500 Internal Server Error: NullPointerException in auth verification
Traceback (most recent call last):
File ""/app/middleware/auth.py"", line 64, in authenticate
user_role = token_claims['role']
TypeError: 'NoneType' object is not subscriptable
Context: req_id=5470"                                                                                                                          ,     1
"ERROR: [target-app] Simulated Application Failure [ZeroDivisionError]: division by zero
Traceback (most recent call last):
File ""/app/main.py"", line 46, in simulate_error
_ = 100 / 0
ZeroDivisionError: division by zero
Context: req_id=6313"                                                                                                                          ,     1
"ERROR: [target-app] Unhandled Exception: KeyError: 'user_preferences'
Traceback (most recent call last):
File ""/app/services/user.py"", line 88, in get_user
prefs = user_data['user_preferences']
KeyError: 'user_preferences'
Context: req_id=4031"                                                                                                                          ,     1
"INFO: 10.0.0.12:49152 - ""GET /health HTTP/1.1"" 200 OK [req_id=2766]"                                                                        ,     0
"INFO: 127.0.0.1:44302 - ""POST /api/v1/checkout HTTP/1.1"" 201 Created [req_id=9073]"                                                         ,     0
"ERROR: [target-app] Memory limit exceeded: MemoryError: unable to allocate 512MiB for buffer
Traceback (most recent call last):
File ""/app/utils/export.py"", line 15, in export_large_dataset
buffer = bytearray(512 * 1024 * 1024)
MemoryError
Context: req_id=3680"                                                                                                                          ,     1
DEBUG: [target-app] Serialized response payload size=412 bytes. [req_id=1492]                                                                  ,     0
INFO: [target-app] Cache hit for key 'product_catalog_v2' latency=0.2ms. [req_id=9268]                                                         ,     0
INFO: [target-app] Processed request GET / successfully with status 200 OK. [req_id=6881]                                                      ,     0
"ERROR: [target-app] Simulated Application Failure [TimeoutError]: Database connection timed out after 30000ms: host=db-replica-1.internal:5432
Traceback (most recent call last):
File ""/app/main.py"", line 50, in simulate_error
raise TimeoutError(""Database connection timed out after 30000ms: host=db-replica-1.internal:5432"")
TimeoutError: Database connection timed out after 30000ms: host=db-replica-1.internal:5432
Context: req_id=8324"                                                                                                                          ,     1
"ERROR: [target-app] HTTP 500 Internal Server Error: NullPointerException in auth verification
Traceback (most recent call last):
File ""/app/middleware/auth.py"", line 64, in authenticate
user_role = token_claims['role']
TypeError: 'NoneType' object is not subscriptable
Context: req_id=1111"                                                                                                                          ,     1
INFO: [target-app] Cache hit for key 'product_catalog_v2' latency=0.2ms. [req_id=9162]                                                         ,     0
"INFO: 192.168.1.100:60124 - ""POST /api/v1/login HTTP/1.1"" 200 OK [req_id=3882]"                                                             ,     0
"ERROR: [target-app] Simulated Application Failure [ZeroDivisionError]: division by zero
Traceback (most recent call last):
File ""/app/main.py"", line 46, in simulate_error
_ = 100 / 0
ZeroDivisionError: division by zero
Context: req_id=4711"                                                                                                                          ,     1
"INFO: 127.0.0.1:44302 - ""POST /api/v1/checkout HTTP/1.1"" 201 Created [req_id=9158]"                                                         ,     0
"ERROR: [target-app] Database query failed: OperationalError: connection refused to 10.0.1.5:5432
Traceback (most recent call last):
File ""/app/db/session.py"", line 29, in get_db
conn = psycopg2.connect(dsn)
psycopg2.OperationalError: could not connect to server: Connection refused
Context: req_id=2654"                                                                                                                          ,     1
"ERROR: [target-app] Simulated Application Failure [ZeroDivisionError]: division by zero
Traceback (most recent call last):
File ""/app/main.py"", line 46, in simulate_error
_ = 100 / 0
ZeroDivisionError: division by zero
Context: req_id=7082"                                                                                                                          ,     1
"ERROR: [target-app] HTTP 500 Internal Server Error: NullPointerException in auth verification
Traceback (most recent call last):
File ""/app/middleware/auth.py"", line 64, in authenticate
user_role = token_claims['role']
TypeError: 'NoneType' object is not subscriptable
Context: req_id=2637"                                                                                                                          ,     1
"ERROR: [target-app] HTTP 500 Internal Server Error: NullPointerException in auth verification
Traceback (most recent call last):
File ""/app/middleware/auth.py"", line 64, in authenticate
user_role = token_claims['role']
TypeError: 'NoneType' object is not subscriptable
Context: req_id=6576"                                                                                                                          ,     1
"ERROR: [target-app] HTTP 500 Internal Server Error: NullPointerException in auth verification
Traceback (most recent call last):
File ""/app/middleware/auth.py"", line 64, in authenticate
user_role = token_claims['role']
TypeError: 'NoneType' object is not subscriptable
Context: req_id=2947"                                                                                                                          ,     1
"INFO: 127.0.0.1:54320 - ""GET / HTTP/1.1"" 200 OK [req_id=8228]"                                                                              ,     0
"INFO: 127.0.0.1:44302 - ""POST /api/v1/checkout HTTP/1.1"" 201 Created [req_id=3371]"                                                         ,     0
"ERROR: [target-app] Memory limit exceeded: MemoryError: unable to allocate 512MiB for buffer
Traceback (most recent call last):
File ""/app/utils/export.py"", line 15, in export_large_dataset
buffer = bytearray(512 * 1024 * 1024)
MemoryError
Context: req_id=9299"                                                                                                                          ,     1
"ERROR: [target-app] Simulated Application Failure [TimeoutError]: Database connection timed out after 30000ms: host=db-replica-1.internal:5432
Traceback (most recent call last):
File ""/app/main.py"", line 50, in simulate_error
raise TimeoutError(""Database connection timed out after 30000ms: host=db-replica-1.internal:5432"")
TimeoutError: Database connection timed out after 30000ms: host=db-replica-1.internal:5432
Context: req_id=9020"                                                                                                                          ,     1
INFO: [target-app] User session refreshed token_id=tok_9a8f7b2c. [req_id=2598]                                                                 ,     0
DEBUG: [target-app] Serialized response payload size=412 bytes. [req_id=2996]                                                                  ,     0
"ERROR: [target-app] HTTP 500 Internal Server Error: NullPointerException in auth verification
Traceback (most recent call last):
File ""/app/middleware/auth.py"", line 64, in authenticate
user_role = token_claims['role']
TypeError: 'NoneType' object is not subscriptable
Context: req_id=3494"                                                                                                                          ,     1
INFO: [target-app] Batch job finished successfully: processed 150 records. [req_id=1708]                                                       ,     0
"ERROR: [target-app] Simulated Application Failure [TimeoutError]: Database connection timed out after 30000ms: host=db-replica-1.internal:5432
Traceback (most recent call last):
File ""/app/main.py"", line 50, in simulate_error
raise TimeoutError(""Database connection timed out after 30000ms: host=db-replica-1.internal:5432"")
TimeoutError: Database connection timed out after 30000ms: host=db-replica-1.internal:5432
Context: req_id=6267"                                                                                                                          ,     1
INFO: [target-app] User session refreshed token_id=tok_9a8f7b2c. [req_id=6056]                                                                 ,     0
"ERROR: [target-app] Simulated Application Failure [TimeoutError]: Database connection timed out after 30000ms: host=db-replica-1.internal:5432
Traceback (most recent call last):
File ""/app/main.py"", line 50, in simulate_error
raise TimeoutError(""Database connection timed out after 30000ms: host=db-replica-1.internal:5432"")
TimeoutError: Database connection timed out after 30000ms: host=db-replica-1.internal:5432
Context: req_id=1256"                                                                                                                          ,     1
"ERROR: [target-app] Simulated Application Failure [FileNotFoundError]: Configuration file '/app/config/settings.yaml' not found in path.
Traceback (most recent call last):
File ""/app/main.py"", line 42, in simulate_error
raise FileNotFoundError(""Configuration file '/app/config/settings.yaml' not found in path."")
FileNotFoundError: Configuration file '/app/config/settings.yaml' not found in path.
Context: req_id=1681"                                                                                                                          ,     1
"ERROR: [target-app] HTTP 500 Internal Server Error: NullPointerException in auth verification
Traceback (most recent call last):
File ""/app/middleware/auth.py"", line 64, in authenticate
user_role = token_claims['role']
TypeError: 'NoneType' object is not subscriptable
Context: req_id=1053"                                                                                                                          ,     1
"ERROR: [target-app] Memory limit exceeded: MemoryError: unable to allocate 512MiB for buffer
Traceback (most recent call last):
File ""/app/utils/export.py"", line 15, in export_large_dataset
buffer = bytearray(512 * 1024 * 1024)
MemoryError
Context: req_id=6718"                                                                                                                          ,     1
"ERROR: [target-app] Simulated Application Failure [ZeroDivisionError]: division by zero
Traceback (most recent call last):
File ""/app/main.py"", line 46, in simulate_error
_ = 100 / 0
ZeroDivisionError: division by zero
Context: req_id=6947"                                                                                                                          ,     1
INFO: [target-app] Health check probe passed. All downstream dependencies reachable. [req_id=4949]                                             ,     0
"INFO: 10.0.2.15:52130 - ""GET /metrics HTTP/1.1"" 200 OK [req_id=3637]"                                                                       ,     0
"ERROR: [target-app] Simulated Application Failure [ZeroDivisionError]: division by zero
Traceback (most recent call last):
File ""/app/main.py"", line 46, in simulate_error
_ = 100 / 0
ZeroDivisionError: division by zero
Context: req_id=3983"                                                                                                                          ,     1
"ERROR: [target-app] Memory limit exceeded: MemoryError: unable to allocate 512MiB for buffer
Traceback (most recent call last):
File ""/app/utils/export.py"", line 15, in export_large_dataset
buffer = bytearray(512 * 1024 * 1024)
MemoryError
Context: req_id=9791"                                                                                                                          ,     1
"ERROR: [target-app] Simulated Application Failure [ZeroDivisionError]: division by zero
Traceback (most recent call last):
File ""/app/main.py"", line 46, in simulate_error
_ = 100 / 0
ZeroDivisionError: division by zero
Context: req_id=4997"                                                                                                                          ,     1
INFO: [target-app] Background log drain synced 45 events to collector. [req_id=7139]                                                           ,     0
"ERROR: [target-app] Memory limit exceeded: MemoryError: unable to allocate 512MiB for buffer
Traceback (most recent call last):
File ""/app/utils/export.py"", line 15, in export_large_dataset
buffer = bytearray(512 * 1024 * 1024)
MemoryError
Context: req_id=8775"                                                                                                                          ,     1
"ERROR: [target-app] Memory limit exceeded: MemoryError: unable to allocate 512MiB for buffer
Traceback (most recent call last):
File ""/app/utils/export.py"", line 15, in export_large_dataset
buffer = bytearray(512 * 1024 * 1024)
MemoryError
Context: req_id=1431"                                                                                                                          ,     1
"ERROR: [target-app] Memory limit exceeded: MemoryError: unable to allocate 512MiB for buffer
Traceback (most recent call last):
File ""/app/utils/export.py"", line 15, in export_large_dataset
buffer = bytearray(512 * 1024 * 1024)
MemoryError
Context: req_id=3266"                                                                                                                          ,     1
"ERROR: [target-app] Database query failed: OperationalError: connection refused to 10.0.1.5:5432
Traceback (most recent call last):
File ""/app/db/session.py"", line 29, in get_db
conn = psycopg2.connect(dsn)
psycopg2.OperationalError: could not connect to server: Connection refused
Context: req_id=4851"                                                                                                                          ,     1
"ERROR: [target-app] Unhandled Exception: KeyError: 'user_preferences'
Traceback (most recent call last):
File ""/app/services/user.py"", line 88, in get_user
prefs = user_data['user_preferences']
KeyError: 'user_preferences'
Context: req_id=7215"                                                                                                                          ,     1
"ERROR: [target-app] Simulated Application Failure [TimeoutError]: Database connection timed out after 30000ms: host=db-replica-1.internal:5432
Traceback (most recent call last):
File ""/app/main.py"", line 50, in simulate_error
raise TimeoutError(""Database connection timed out after 30000ms: host=db-replica-1.internal:5432"")
TimeoutError: Database connection timed out after 30000ms: host=db-replica-1.internal:5432
Context: req_id=8692"                                                                                                                          ,     1
INFO: [target-app] Database heartbeat query executed in 1.4ms. [req_id=7686]                                                                   ,     0
"ERROR: [target-app] Memory limit exceeded: MemoryError: unable to allocate 512MiB for buffer
Traceback (most recent call last):
File ""/app/utils/export.py"", line 15, in export_large_dataset
buffer = bytearray(512 * 1024 * 1024)
MemoryError
Context: req_id=7453"                                                                                                                          ,     1
"ERROR: [target-app] Simulated Application Failure [ZeroDivisionError]: division by zero
Traceback (most recent call last):
File ""/app/main.py"", line 46, in simulate_error
_ = 100 / 0
ZeroDivisionError: division by zero
Context: req_id=6165"                                                                                                                          ,     1
"ERROR: [target-app] Simulated Application Failure [ZeroDivisionError]: division by zero
Traceback (most recent call last):
File ""/app/main.py"", line 46, in simulate_error
_ = 100 / 0
ZeroDivisionError: division by zero
Context: req_id=9129"                                                                                                                          ,     1
"ERROR: [target-app] Simulated Application Failure [FileNotFoundError]: Configuration file '/app/config/settings.yaml' not found in path.
Traceback (most recent call last):
File ""/app/main.py"", line 42, in simulate_error
raise FileNotFoundError(""Configuration file '/app/config/settings.yaml' not found in path."")
FileNotFoundError: Configuration file '/app/config/settings.yaml' not found in path.
Context: req_id=6857"                                                                                                                          ,     1
"ERROR: [target-app] Simulated Application Failure [ZeroDivisionError]: division by zero
Traceback (most recent call last):
File ""/app/main.py"", line 46, in simulate_error
_ = 100 / 0
ZeroDivisionError: division by zero
Context: req_id=9761"                                                                                                                          ,     1
"INFO: 172.18.0.4:38902 - ""GET /api/v1/users/profile HTTP/1.1"" 200 OK [req_id=2519]"                                                         ,     0
INFO: [target-app] Batch job finished successfully: processed 150 records. [req_id=4062]                                                       ,     0
"INFO: 192.168.1.100:60124 - ""POST /api/v1/login HTTP/1.1"" 200 OK [req_id=4394]"                                                             ,     0
"ERROR: [target-app] Database query failed: OperationalError: connection refused to 10.0.1.5:5432
Traceback (most recent call last):
File ""/app/db/session.py"", line 29, in get_db
conn = psycopg2.connect(dsn)
psycopg2.OperationalError: could not connect to server: Connection refused
Context: req_id=7711"                                                                                                                          ,     1
"ERROR: [target-app] Simulated Application Failure [TimeoutError]: Database connection timed out after 30000ms: host=db-replica-1.internal:5432
Traceback (most recent call last):
File ""/app/main.py"", line 50, in simulate_error
raise TimeoutError(""Database connection timed out after 30000ms: host=db-replica-1.internal:5432"")
TimeoutError: Database connection timed out after 30000ms: host=db-replica-1.internal:5432
Context: req_id=6474"                                                                                                                          ,     1
"INFO: 192.168.1.100:60124 - ""POST /api/v1/login HTTP/1.1"" 200 OK [req_id=4360]"                                                             ,     0
"ERROR: [target-app] HTTP 500 Internal Server Error: NullPointerException in auth verification
Traceback (most recent call last):
File ""/app/middleware/auth.py"", line 64, in authenticate
user_role = token_claims['role']
TypeError: 'NoneType' object is not subscriptable
Context: req_id=8502"                                                                                                                          ,     1
"INFO: 10.0.2.15:52130 - ""GET /metrics HTTP/1.1"" 200 OK [req_id=7025]"                                                                       ,     0
"ERROR: [target-app] Simulated Application Failure [ZeroDivisionError]: division by zero
Traceback (most recent call last):
File ""/app/main.py"", line 46, in simulate_error
_ = 100 / 0
ZeroDivisionError: division by zero
Context: req_id=2455"                                                                                                                          ,     1
"ERROR: [target-app] Simulated Application Failure [FileNotFoundError]: Configuration file '/app/config/settings.yaml' not found in path.
Traceback (most recent call last):
File ""/app/main.py"", line 42, in simulate_error
raise FileNotFoundError(""Configuration file '/app/config/settings.yaml' not found in path."")
FileNotFoundError: Configuration file '/app/config/settings.yaml' not found in path.
Context: req_id=8434"                                                                                                                          ,     1
"ERROR: [target-app] Simulated Application Failure [FileNotFoundError]: Configuration file '/app/config/settings.yaml' not found in path.
Traceback (most recent call last):
File ""/app/main.py"", line 42, in simulate_error
raise FileNotFoundError(""Configuration file '/app/config/settings.yaml' not found in path."")
FileNotFoundError: Configuration file '/app/config/settings.yaml' not found in path.
Context: req_id=8819"                                                                                                                          ,     1
INFO: [target-app] Cache hit for key 'product_catalog_v2' latency=0.2ms. [req_id=8697]                                                         ,     0
INFO: [target-app] Database heartbeat query executed in 1.4ms. [req_id=8930]                                                                   ,     0
INFO: [target-app] Batch job finished successfully: processed 150 records. [req_id=2496]                                                       ,     0
"ERROR: [target-app] Simulated Application Failure [ZeroDivisionError]: division by zero
Traceback (most recent call last):
File ""/app/main.py"", line 46, in simulate_error
_ = 100 / 0
ZeroDivisionError: division by zero
Context: req_id=2410"                                                                                                                          ,     1
"ERROR: [target-app] Unhandled Exception: KeyError: 'user_preferences'
Traceback (most recent call last):
File ""/app/services/user.py"", line 88, in get_user
prefs = user_data['user_preferences']
KeyError: 'user_preferences'
Context: req_id=2494"                                                                                                                          ,     1
"ERROR: [target-app] HTTP 500 Internal Server Error: NullPointerException in auth verification
Traceback (most recent call last):
File ""/app/middleware/auth.py"", line 64, in authenticate
user_role = token_claims['role']
TypeError: 'NoneType' object is not subscriptable
Context: req_id=1724"                                                                                                                          ,     1
"ERROR: [target-app] Memory limit exceeded: MemoryError: unable to allocate 512MiB for buffer
Traceback (most recent call last):
File ""/app/utils/export.py"", line 15, in export_large_dataset
buffer = bytearray(512 * 1024 * 1024)
MemoryError
Context: req_id=5958"                                                                                                                          ,     1
"INFO: 10.0.0.12:49152 - ""GET /health HTTP/1.1"" 200 OK [req_id=3870]"                                                                        ,     0
"INFO: 127.0.0.1:54320 - ""GET / HTTP/1.1"" 200 OK [req_id=5650]"                                                                              ,     0
"ERROR: [target-app] HTTP 500 Internal Server Error: NullPointerException in auth verification
Traceback (most recent call last):
File ""/app/middleware/auth.py"", line 64, in authenticate
user_role = token_claims['role']
TypeError: 'NoneType' object is not subscriptable
Context: req_id=2609"                                                                                                                          ,     1
"ERROR: [target-app] Simulated Application Failure [ZeroDivisionError]: division by zero
Traceback (most recent call last):
File ""/app/main.py"", line 46, in simulate_error
_ = 100 / 0
ZeroDivisionError: division by zero
Context: req_id=3541"                                                                                                                          ,     1
"INFO: 172.18.0.4:38902 - ""GET /api/v1/users/profile HTTP/1.1"" 200 OK [req_id=8302]"                                                         ,     0
"INFO: 10.0.0.12:49152 - ""GET /health HTTP/1.1"" 200 OK [req_id=9571]"                                                                        ,     0
"ERROR: [target-app] Simulated Application Failure [TimeoutError]: Database connection timed out after 30000ms: host=db-replica-1.internal:5432
Traceback (most recent call last):
File ""/app/main.py"", line 50, in simulate_error
raise TimeoutError(""Database connection timed out after 30000ms: host=db-replica-1.internal:5432"")
TimeoutError: Database connection timed out after 30000ms: host=db-replica-1.internal:5432
Context: req_id=7219"                                                                                                                          ,     1
"ERROR: [target-app] Simulated Application Failure [TimeoutError]: Database connection timed out after 30000ms: host=db-replica-1.internal:5432
Traceback (most recent call last):
File ""/app/main.py"", line 50, in simulate_error
raise TimeoutError(""Database connection timed out after 30000ms: host=db-replica-1.internal:5432"")
TimeoutError: Database connection timed out after 30000ms: host=db-replica-1.internal:5432
Context: req_id=3945"                                                                                                                          ,     1
INFO: [target-app] Database heartbeat query executed in 1.4ms. [req_id=8546]                                                                   ,     0
"ERROR: [target-app] Database query failed: OperationalError: connection refused to 10.0.1.5:5432
Traceback (most recent call last):
File ""/app/db/session.py"", line 29, in get_db
conn = psycopg2.connect(dsn)
psycopg2.OperationalError: could not connect to server: Connection refused
Context: req_id=9795"                                                                                                                          ,     1
"ERROR: [target-app] Memory limit exceeded: MemoryError: unable to allocate 512MiB for buffer
Traceback (most recent call last):
File ""/app/utils/export.py"", line 15, in export_large_dataset
buffer = bytearray(512 * 1024 * 1024)
MemoryError
Context: req_id=3515"                                                                                                                          ,     1
"ERROR: [target-app] Simulated Application Failure [ZeroDivisionError]: division by zero
Traceback (most recent call last):
File ""/app/main.py"", line 46, in simulate_error
_ = 100 / 0
ZeroDivisionError: division by zero
Context: req_id=5672"                                                                                                                          ,     1
INFO: [target-app] Cache hit for key 'product_catalog_v2' latency=0.2ms. [req_id=6485]                                                         ,     0
INFO: [target-app] TLS handshake completed successfully with cipher TLS_AES_256_GCM_SHA384. [req_id=2096]                                      ,     0
"INFO: 172.18.0.4:38902 - ""GET /api/v1/users/profile HTTP/1.1"" 200 OK [req_id=7177]"                                                         ,     0
"ERROR: [target-app] Database query failed: OperationalError: connection refused to 10.0.1.5:5432
Traceback (most recent call last):
File ""/app/db/session.py"", line 29, in get_db
conn = psycopg2.connect(dsn)
psycopg2.OperationalError: could not connect to server: Connection refused
Context: req_id=5061"                                                                                                                          ,     1
"INFO: 172.18.0.4:38902 - ""GET /api/v1/users/profile HTTP/1.1"" 200 OK [req_id=3969]"                                                         ,     0
"INFO: 10.0.0.12:49152 - ""GET /health HTTP/1.1"" 200 OK [req_id=8996]"                                                                        ,     0
"ERROR: [target-app] HTTP 500 Internal Server Error: NullPointerException in auth verification
Traceback (most recent call last):
File ""/app/middleware/auth.py"", line 64, in authenticate
user_role = token_claims['role']
TypeError: 'NoneType' object is not subscriptable
Context: req_id=4126"                                                                                                                          ,     1
"INFO: 10.0.0.12:49152 - ""GET /health HTTP/1.1"" 200 OK [req_id=7491]"                                                                        ,     0
INFO: [target-app] Cache hit for key 'product_catalog_v2' latency=0.2ms. [req_id=4777]                                                         ,     0
"ERROR: [target-app] Database query failed: OperationalError: connection refused to 10.0.1.5:5432
Traceback (most recent call last):
File ""/app/db/session.py"", line 29, in get_db
conn = psycopg2.connect(dsn)
psycopg2.OperationalError: could not connect to server: Connection refused
Context: req_id=3898"                                                                                                                          ,     1
"ERROR: [target-app] HTTP 500 Internal Server Error: NullPointerException in auth verification
Traceback (most recent call last):
File ""/app/middleware/auth.py"", line 64, in authenticate
user_role = token_claims['role']
TypeError: 'NoneType' object is not subscriptable
Context: req_id=2876"                                                                                                                          ,     1
"ERROR: [target-app] Database query failed: OperationalError: connection refused to 10.0.1.5:5432
Traceback (most recent call last):
File ""/app/db/session.py"", line 29, in get_db
conn = psycopg2.connect(dsn)
psycopg2.OperationalError: could not connect to server: Connection refused
Context: req_id=6778"                                                                                                                          ,     1
"INFO: 10.0.2.15:52130 - ""GET /metrics HTTP/1.1"" 200 OK [req_id=5144]"                                                                       ,     0
"INFO: 10.0.0.12:49152 - ""GET /health HTTP/1.1"" 200 OK [req_id=4399]"                                                                        ,     0
"ERROR: [target-app] Simulated Application Failure [ZeroDivisionError]: division by zero
Traceback (most recent call last):
File ""/app/main.py"", line 46, in simulate_error
_ = 100 / 0
ZeroDivisionError: division by zero
Context: req_id=3280"                                                                                                                          ,     1
"ERROR: [target-app] Simulated Application Failure [FileNotFoundError]: Configuration file '/app/config/settings.yaml' not found in path.
Traceback (most recent call last):
File ""/app/main.py"", line 42, in simulate_error
raise FileNotFoundError(""Configuration file '/app/config/settings.yaml' not found in path."")
FileNotFoundError: Configuration file '/app/config/settings.yaml' not found in path.
Context: req_id=4625"                                                                                                                          ,     1
"ERROR: [target-app] Simulated Application Failure [ZeroDivisionError]: division by zero
Traceback (most recent call last):
File ""/app/main.py"", line 46, in simulate_error
_ = 100 / 0
ZeroDivisionError: division by zero
Context: req_id=5483"                                                                                                                          ,     1
"ERROR: [target-app] Simulated Application Failure [FileNotFoundError]: Configuration file '/app/config/settings.yaml' not found in path.
Traceback (most recent call last):
File ""/app/main.py"", line 42, in simulate_error
raise FileNotFoundError(""Configuration file '/app/config/settings.yaml' not found in path."")
FileNotFoundError: Configuration file '/app/config/settings.yaml' not found in path.
Context: req_id=2054"                                                                                                                          ,     1
"ERROR: [target-app] HTTP 500 Internal Server Error: NullPointerException in auth verification
Traceback (most recent call last):
File ""/app/middleware/auth.py"", line 64, in authenticate
user_role = token_claims['role']
TypeError: 'NoneType' object is not subscriptable
Context: req_id=6583"                                                                                                                          ,     1
INFO: [target-app] Cache hit for key 'product_catalog_v2' latency=0.2ms. [req_id=5410]                                                         ,     0
"ERROR: [target-app] Simulated Application Failure [ZeroDivisionError]: division by zero
Traceback (most recent call last):
File ""/app/main.py"", line 46, in simulate_error
_ = 100 / 0
ZeroDivisionError: division by zero
Context: req_id=2521"                                                                                                                          ,     1
"ERROR: [target-app] Simulated Application Failure [FileNotFoundError]: Configuration file '/app/config/settings.yaml' not found in path.
Traceback (most recent call last):
File ""/app/main.py"", line 42, in simulate_error
raise FileNotFoundError(""Configuration file '/app/config/settings.yaml' not found in path."")
FileNotFoundError: Configuration file '/app/config/settings.yaml' not found in path.
Context: req_id=8664"                                                                                                                          ,     1
"INFO: 172.18.0.4:38902 - ""GET /api/v1/users/profile HTTP/1.1"" 200 OK [req_id=3716]"                                                         ,     0
"INFO: 172.18.0.4:38902 - ""GET /api/v1/users/profile HTTP/1.1"" 200 OK [req_id=9852]"                                                         ,     0
INFO: [target-app] Background log drain synced 45 events to collector. [req_id=4271]                                                           ,     0
"ERROR: [target-app] Memory limit exceeded: MemoryError: unable to allocate 512MiB for buffer
Traceback (most recent call last):
File ""/app/utils/export.py"", line 15, in export_large_dataset
buffer = bytearray(512 * 1024 * 1024)
MemoryError
Context: req_id=9022"                                                                                                                          ,     1
INFO: [target-app] User session refreshed token_id=tok_9a8f7b2c. [req_id=8444]                                                                 ,     0
"ERROR: [target-app] Simulated Application Failure [ZeroDivisionError]: division by zero
Traceback (most recent call last):
File ""/app/main.py"", line 46, in simulate_error
_ = 100 / 0
ZeroDivisionError: division by zero
Context: req_id=3889"                                                                                                                          ,     1
DEBUG: [target-app] Serialized response payload size=412 bytes. [req_id=5412]                                                                  ,     0
INFO: [target-app] Health check probe passed. All downstream dependencies reachable. [req_id=1846]                                             ,     0
"ERROR: [target-app] Unhandled Exception: KeyError: 'user_preferences'
Traceback (most recent call last):
File ""/app/services/user.py"", line 88, in get_user
prefs = user_data['user_preferences']
KeyError: 'user_preferences'
Context: req_id=5970"                                                                                                                          ,     1
"ERROR: [target-app] HTTP 500 Internal Server Error: NullPointerException in auth verification
Traceback (most recent call last):
File ""/app/middleware/auth.py"", line 64, in authenticate
user_role = token_claims['role']
TypeError: 'NoneType' object is not subscriptable
Context: req_id=8346"                                                                                                                          ,     1
INFO: [target-app] Cache hit for key 'product_catalog_v2' latency=0.2ms. [req_id=7219]                                                         ,     0
INFO: [target-app] Database heartbeat query executed in 1.4ms. [req_id=1306]                                                                   ,     0
"ERROR: [target-app] Simulated Application Failure [TimeoutError]: Database connection timed out after 30000ms: host=db-replica-1.internal:5432
Traceback (most recent call last):
File ""/app/main.py"", line 50, in simulate_error
raise TimeoutError(""Database connection timed out after 30000ms: host=db-replica-1.internal:5432"")
TimeoutError: Database connection timed out after 30000ms: host=db-replica-1.internal:5432
Context: req_id=2090"                                                                                                                          ,     1
"ERROR: [target-app] Simulated Application Failure [TimeoutError]: Database connection timed out after 30000ms: host=db-replica-1.internal:5432
Traceback (most recent call last):
File ""/app/main.py"", line 50, in simulate_error
raise TimeoutError(""Database connection timed out after 30000ms: host=db-replica-1.internal:5432"")
TimeoutError: Database connection timed out after 30000ms: host=db-replica-1.internal:5432
Context: req_id=5431"                                                                                                                          ,     1
"ERROR: [target-app] Simulated Application Failure [ZeroDivisionError]: division by zero
Traceback (most recent call last):
File ""/app/main.py"", line 46, in simulate_error
_ = 100 / 0
ZeroDivisionError: division by zero
Context: req_id=9418"                                                                                                                          ,     1
"ERROR: [target-app] Simulated Application Failure [TimeoutError]: Database connection timed out after 30000ms: host=db-replica-1.internal:5432
Traceback (most recent call last):
File ""/app/main.py"", line 50, in simulate_error
raise TimeoutError(""Database connection timed out after 30000ms: host=db-replica-1.internal:5432"")
TimeoutError: Database connection timed out after 30000ms: host=db-replica-1.internal:5432
Context: req_id=9908"                                                                                                                          ,     1
INFO: [target-app] Database heartbeat query executed in 1.4ms. [req_id=4865]                                                                   ,     0
"ERROR: [target-app] Simulated Application Failure [ZeroDivisionError]: division by zero
Traceback (most recent call last):
File ""/app/main.py"", line 46, in simulate_error
_ = 100 / 0
ZeroDivisionError: division by zero
Context: req_id=4973"                                                                                                                          ,     1
"INFO: 127.0.0.1:44302 - ""POST /api/v1/checkout HTTP/1.1"" 201 Created [req_id=1693]"                                                         ,     0
"ERROR: [target-app] Simulated Application Failure [TimeoutError]: Database connection timed out after 30000ms: host=db-replica-1.internal:5432
Traceback (most recent call last):
File ""/app/main.py"", line 50, in simulate_error
raise TimeoutError(""Database connection timed out after 30000ms: host=db-replica-1.internal:5432"")
TimeoutError: Database connection timed out after 30000ms: host=db-replica-1.internal:5432
Context: req_id=1609"                                                                                                                          ,     1
"ERROR: [target-app] Memory limit exceeded: MemoryError: unable to allocate 512MiB for buffer
Traceback (most recent call last):
File ""/app/utils/export.py"", line 15, in export_large_dataset
buffer = bytearray(512 * 1024 * 1024)
MemoryError
Context: req_id=7531"                                                                                                                          ,     1
"INFO: 172.18.0.4:38902 - ""GET /api/v1/users/profile HTTP/1.1"" 200 OK [req_id=5341]"                                                         ,     0
INFO: [target-app] User session refreshed token_id=tok_9a8f7b2c. [req_id=8593]                                                                 ,     0
"INFO: 127.0.0.1:44302 - ""POST /api/v1/checkout HTTP/1.1"" 201 Created [req_id=4459]"                                                         ,     0
"ERROR: [target-app] HTTP 500 Internal Server Error: NullPointerException in auth verification
Traceback (most recent call last):
File ""/app/middleware/auth.py"", line 64, in authenticate
user_role = token_claims['role']
TypeError: 'NoneType' object is not subscriptable
Context: req_id=3046"                                                                                                                          ,     1
INFO: [target-app] Cache hit for key 'product_catalog_v2' latency=0.2ms. [req_id=7533]                                                         ,     0
INFO: [target-app] Database heartbeat query executed in 1.4ms. [req_id=9994]                                                                   ,     0
INFO: [target-app] Batch job finished successfully: processed 150 records. [req_id=1537]                                                       ,     0
"ERROR: [target-app] Database query failed: OperationalError: connection refused to 10.0.1.5:5432
Traceback (most recent call last):
File ""/app/db/session.py"", line 29, in get_db
conn = psycopg2.connect(dsn)
psycopg2.OperationalError: could not connect to server: Connection refused
Context: req_id=2593"                                                                                                                          ,     1
"ERROR: [target-app] Memory limit exceeded: MemoryError: unable to allocate 512MiB for buffer
Traceback (most recent call last):
File ""/app/utils/export.py"", line 15, in export_large_dataset
buffer = bytearray(512 * 1024 * 1024)
MemoryError
Context: req_id=1692"                                                                                                                          ,     1
"ERROR: [target-app] HTTP 500 Internal Server Error: NullPointerException in auth verification
Traceback (most recent call last):
File ""/app/middleware/auth.py"", line 64, in authenticate
user_role = token_claims['role']
TypeError: 'NoneType' object is not subscriptable
Context: req_id=2215"                                                                                                                          ,     1
"ERROR: [target-app] Memory limit exceeded: MemoryError: unable to allocate 512MiB for buffer
Traceback (most recent call last):
File ""/app/utils/export.py"", line 15, in export_large_dataset
buffer = bytearray(512 * 1024 * 1024)
MemoryError
Context: req_id=1978"                                                                                                                          ,     1
"ERROR: [target-app] Simulated Application Failure [FileNotFoundError]: Configuration file '/app/config/settings.yaml' not found in path.
Traceback (most recent call last):
File ""/app/main.py"", line 42, in simulate_error
raise FileNotFoundError(""Configuration file '/app/config/settings.yaml' not found in path."")
FileNotFoundError: Configuration file '/app/config/settings.yaml' not found in path.
Context: req_id=6011"                                                                                                                          ,     1
"INFO: 10.0.2.15:52130 - ""GET /metrics HTTP/1.1"" 200 OK [req_id=3606]"                                                                       ,     0
"ERROR: [target-app] Simulated Application Failure [FileNotFoundError]: Configuration file '/app/config/settings.yaml' not found in path.
Traceback (most recent call last):
File ""/app/main.py"", line 42, in simulate_error
raise FileNotFoundError(""Configuration file '/app/config/settings.yaml' not found in path."")
FileNotFoundError: Configuration file '/app/config/settings.yaml' not found in path.
Context: req_id=1080"                                                                                                                          ,     1
"ERROR: [target-app] Simulated Application Failure [FileNotFoundError]: Configuration file '/app/config/settings.yaml' not found in path.
Traceback (most recent call last):
File ""/app/main.py"", line 42, in simulate_error
raise FileNotFoundError(""Configuration file '/app/config/settings.yaml' not found in path."")
FileNotFoundError: Configuration file '/app/config/settings.yaml' not found in path.
Context: req_id=8304"                                                                                                                          ,     1
"ERROR: [target-app] Simulated Application Failure [FileNotFoundError]: Configuration file '/app/config/settings.yaml' not found in path.
Traceback (most recent call last):
File ""/app/main.py"", line 42, in simulate_error
raise FileNotFoundError(""Configuration file '/app/config/settings.yaml' not found in path."")
FileNotFoundError: Configuration file '/app/config/settings.yaml' not found in path.
Context: req_id=5226"                                                                                                                          ,     1
"INFO: 172.18.0.4:38902 - ""GET /api/v1/users/profile HTTP/1.1"" 200 OK [req_id=2319]"                                                         ,     0
"INFO: 127.0.0.1:54320 - ""GET / HTTP/1.1"" 200 OK [req_id=8001]"                                                                              ,     0
INFO: [target-app] Cache hit for key 'product_catalog_v2' latency=0.2ms. [req_id=3377]                                                         ,     0
"ERROR: [target-app] Database query failed: OperationalError: connection refused to 10.0.1.5:5432
Traceback (most recent call last):
File ""/app/db/session.py"", line 29, in get_db
conn = psycopg2.connect(dsn)
psycopg2.OperationalError: could not connect to server: Connection refused
Context: req_id=9124"                                                                                                                          ,     1
"ERROR: [target-app] Memory limit exceeded: MemoryError: unable to allocate 512MiB for buffer
Traceback (most recent call last):
File ""/app/utils/export.py"", line 15, in export_large_dataset
buffer = bytearray(512 * 1024 * 1024)
MemoryError
Context: req_id=2060"                                                                                                                          ,     1
INFO: [target-app] User session refreshed token_id=tok_9a8f7b2c. [req_id=7433]                                                                 ,     0
"ERROR: [target-app] Simulated Application Failure [TimeoutError]: Database connection timed out after 30000ms: host=db-replica-1.internal:5432
Traceback (most recent call last):
File ""/app/main.py"", line 50, in simulate_error
raise TimeoutError(""Database connection timed out after 30000ms: host=db-replica-1.internal:5432"")
TimeoutError: Database connection timed out after 30000ms: host=db-replica-1.internal:5432
Context: req_id=1354"                                                                                                                          ,     1
"INFO: 10.0.0.12:49152 - ""GET /health HTTP/1.1"" 200 OK [req_id=3979]"                                                                        ,     0
"ERROR: [target-app] Simulated Application Failure [ZeroDivisionError]: division by zero
Traceback (most recent call last):
File ""/app/main.py"", line 46, in simulate_error
_ = 100 / 0
ZeroDivisionError: division by zero
Context: req_id=6339"                                                                                                                          ,     1
"ERROR: [target-app] Unhandled Exception: KeyError: 'user_preferences'
Traceback (most recent call last):
File ""/app/services/user.py"", line 88, in get_user
prefs = user_data['user_preferences']
KeyError: 'user_preferences'
Context: req_id=1083"                                                                                                                          ,     1
"ERROR: [target-app] Database query failed: OperationalError: connection refused to 10.0.1.5:5432
Traceback (most recent call last):
File ""/app/db/session.py"", line 29, in get_db
conn = psycopg2.connect(dsn)
psycopg2.OperationalError: could not connect to server: Connection refused
Context: req_id=3009"                                                                                                                          ,     1
"ERROR: [target-app] Simulated Application Failure [TimeoutError]: Database connection timed out after 30000ms: host=db-replica-1.internal:5432
Traceback (most recent call last):
File ""/app/main.py"", line 50, in simulate_error
raise TimeoutError(""Database connection timed out after 30000ms: host=db-replica-1.internal:5432"")
TimeoutError: Database connection timed out after 30000ms: host=db-replica-1.internal:5432
Context: req_id=2418"                                                                                                                          ,     1
"ERROR: [target-app] Database query failed: OperationalError: connection refused to 10.0.1.5:5432
Traceback (most recent call last):
File ""/app/db/session.py"", line 29, in get_db
conn = psycopg2.connect(dsn)
psycopg2.OperationalError: could not connect to server: Connection refused
Context: req_id=6796"                                                                                                                          ,     1
"ERROR: [target-app] HTTP 500 Internal Server Error: NullPointerException in auth verification
Traceback (most recent call last):
File ""/app/middleware/auth.py"", line 64, in authenticate
user_role = token_claims['role']
TypeError: 'NoneType' object is not subscriptable
Context: req_id=7257"                                                                                                                          ,     1
"INFO: 127.0.0.1:54320 - ""GET / HTTP/1.1"" 200 OK [req_id=2893]"                                                                              ,     0
"ERROR: [target-app] Simulated Application Failure [FileNotFoundError]: Configuration file '/app/config/settings.yaml' not found in path.
Traceback (most recent call last):
File ""/app/main.py"", line 42, in simulate_error
raise FileNotFoundError(""Configuration file '/app/config/settings.yaml' not found in path."")
FileNotFoundError: Configuration file '/app/config/settings.yaml' not found in path.
Context: req_id=9148"                                                                                                                          ,     1
INFO: [target-app] Background log drain synced 45 events to collector. [req_id=8346]                                                           ,     0
"ERROR: [target-app] Unhandled Exception: KeyError: 'user_preferences'
Traceback (most recent call last):
File ""/app/services/user.py"", line 88, in get_user
prefs = user_data['user_preferences']
KeyError: 'user_preferences'
Context: req_id=7406"                                                                                                                          ,     1
"ERROR: [target-app] Database query failed: OperationalError: connection refused to 10.0.1.5:5432
Traceback (most recent call last):
File ""/app/db/session.py"", line 29, in get_db
conn = psycopg2.connect(dsn)
psycopg2.OperationalError: could not connect to server: Connection refused
Context: req_id=4635"                                                                                                                          ,     1
"ERROR: [target-app] Database query failed: OperationalError: connection refused to 10.0.1.5:5432
Traceback (most recent call last):
File ""/app/db/session.py"", line 29, in get_db
conn = psycopg2.connect(dsn)
psycopg2.OperationalError: could not connect to server: Connection refused
Context: req_id=1277"                                                                                                                          ,     1
INFO: [target-app] Batch job finished successfully: processed 150 records. [req_id=1656]                                                       ,     0
"INFO: 10.0.0.12:49152 - ""GET /health HTTP/1.1"" 200 OK [req_id=8300]"                                                                        ,     0
"ERROR: [target-app] Unhandled Exception: KeyError: 'user_preferences'
Traceback (most recent call last):
File ""/app/services/user.py"", line 88, in get_user
prefs = user_data['user_preferences']
KeyError: 'user_preferences'
Context: req_id=4496"                                                                                                                          ,     1
"INFO: 10.0.0.12:49152 - ""GET /health HTTP/1.1"" 200 OK [req_id=7124]"                                                                        ,     0
"ERROR: [target-app] Simulated Application Failure [TimeoutError]: Database connection timed out after 30000ms: host=db-replica-1.internal:5432
Traceback (most recent call last):
File ""/app/main.py"", line 50, in simulate_error
raise TimeoutError(""Database connection timed out after 30000ms: host=db-replica-1.internal:5432"")
TimeoutError: Database connection timed out after 30000ms: host=db-replica-1.internal:5432
Context: req_id=6629"                                                                                                                          ,     1
"INFO: 127.0.0.1:44302 - ""POST /api/v1/checkout HTTP/1.1"" 201 Created [req_id=6771]"                                                         ,     0
"ERROR: [target-app] Memory limit exceeded: MemoryError: unable to allocate 512MiB for buffer
Traceback (most recent call last):
File ""/app/utils/export.py"", line 15, in export_large_dataset
buffer = bytearray(512 * 1024 * 1024)
MemoryError
Context: req_id=2582"                                                                                                                          ,     1
"INFO: 10.0.0.12:49152 - ""GET /health HTTP/1.1"" 200 OK [req_id=7194]"                                                                        ,     0
"ERROR: [target-app] Memory limit exceeded: MemoryError: unable to allocate 512MiB for buffer
Traceback (most recent call last):
File ""/app/utils/export.py"", line 15, in export_large_dataset
buffer = bytearray(512 * 1024 * 1024)
MemoryError
Context: req_id=9739"                                                                                                                          ,     1
DEBUG: [target-app] Serialized response payload size=412 bytes. [req_id=7783]                                                                  ,     0
"ERROR: [target-app] Memory limit exceeded: MemoryError: unable to allocate 512MiB for buffer
Traceback (most recent call last):
File ""/app/utils/export.py"", line 15, in export_large_dataset
buffer = bytearray(512 * 1024 * 1024)
MemoryError
Context: req_id=2707"                                                                                                                          ,     1
"ERROR: [target-app] Simulated Application Failure [FileNotFoundError]: Configuration file '/app/config/settings.yaml' not found in path.
Traceback (most recent call last):
File ""/app/main.py"", line 42, in simulate_error
raise FileNotFoundError(""Configuration file '/app/config/settings.yaml' not found in path."")
FileNotFoundError: Configuration file '/app/config/settings.yaml' not found in path.
Context: req_id=5009"                                                                                                                          ,     1
"ERROR: [target-app] Simulated Application Failure [TimeoutError]: Database connection timed out after 30000ms: host=db-replica-1.internal:5432
Traceback (most recent call last):
File ""/app/main.py"", line 50, in simulate_error
raise TimeoutError(""Database connection timed out after 30000ms: host=db-replica-1.internal:5432"")
TimeoutError: Database connection timed out after 30000ms: host=db-replica-1.internal:5432
Context: req_id=1017"                                                                                                                          ,     1
"ERROR: [target-app] Memory limit exceeded: MemoryError: unable to allocate 512MiB for buffer
Traceback (most recent call last):
File ""/app/utils/export.py"", line 15, in export_large_dataset
buffer = bytearray(512 * 1024 * 1024)
MemoryError
Context: req_id=6270"                                                                                                                          ,     1
INFO: [target-app] Database heartbeat query executed in 1.4ms. [req_id=6610]                                                                   ,     0
INFO: [target-app] Processed request GET / successfully with status 200 OK. [req_id=4152]                                                      ,     0
"INFO: 127.0.0.1:44302 - ""POST /api/v1/checkout HTTP/1.1"" 201 Created [req_id=8626]"                                                         ,     0
INFO: [target-app] TLS handshake completed successfully with cipher TLS_AES_256_GCM_SHA384. [req_id=8712]                                      ,     0
INFO: [target-app] Database heartbeat query executed in 1.4ms. [req_id=6648]                                                                   ,     0
INFO: [target-app] Database heartbeat query executed in 1.4ms. [req_id=1210]                                                                   ,     0
"ERROR: [target-app] Unhandled Exception: KeyError: 'user_preferences'
Traceback (most recent call last):
File ""/app/services/user.py"", line 88, in get_user
prefs = user_data['user_preferences']
KeyError: 'user_preferences'
Context: req_id=2452"                                                                                                                          ,     1
"ERROR: [target-app] Simulated Application Failure [FileNotFoundError]: Configuration file '/app/config/settings.yaml' not found in path.
Traceback (most recent call last):
File ""/app/main.py"", line 42, in simulate_error
raise FileNotFoundError(""Configuration file '/app/config/settings.yaml' not found in path."")
FileNotFoundError: Configuration file '/app/config/settings.yaml' not found in path.
Context: req_id=1019"                                                                                                                          ,     1
DEBUG: [target-app] Serialized response payload size=412 bytes. [req_id=2140]                                                                  ,     0
"ERROR: [target-app] HTTP 500 Internal Server Error: NullPointerException in auth verification
Traceback (most recent call last):
File ""/app/middleware/auth.py"", line 64, in authenticate
user_role = token_claims['role']
TypeError: 'NoneType' object is not subscriptable
Context: req_id=8624"                                                                                                                          ,     1
"INFO: 172.18.0.4:38902 - ""GET /api/v1/users/profile HTTP/1.1"" 200 OK [req_id=6740]"                                                         ,     0
"ERROR: [target-app] Simulated Application Failure [ZeroDivisionError]: division by zero
Traceback (most recent call last):
File ""/app/main.py"", line 46, in simulate_error
_ = 100 / 0
ZeroDivisionError: division by zero
Context: req_id=5490"                                                                                                                          ,     1
"ERROR: [target-app] Unhandled Exception: KeyError: 'user_preferences'
Traceback (most recent call last):
File ""/app/services/user.py"", line 88, in get_user
prefs = user_data['user_preferences']
KeyError: 'user_preferences'
Context: req_id=2876"                                                                                                                          ,     1
INFO: [target-app] Health check probe passed. All downstream dependencies reachable. [req_id=9361]                                             ,     0
"ERROR: [target-app] Unhandled Exception: KeyError: 'user_preferences'
Traceback (most recent call last):
File ""/app/services/user.py"", line 88, in get_user
prefs = user_data['user_preferences']
KeyError: 'user_preferences'
Context: req_id=9160"                                                                                                                          ,     1
"INFO: 192.168.1.100:60124 - ""POST /api/v1/login HTTP/1.1"" 200 OK [req_id=6166]"                                                             ,     0
"ERROR: [target-app] Unhandled Exception: KeyError: 'user_preferences'
Traceback (most recent call last):
File ""/app/services/user.py"", line 88, in get_user
prefs = user_data['user_preferences']
KeyError: 'user_preferences'
Context: req_id=6845"                                                                                                                          ,     1
INFO: [target-app] User session refreshed token_id=tok_9a8f7b2c. [req_id=8458]                                                                 ,     0
"ERROR: [target-app] Simulated Application Failure [FileNotFoundError]: Configuration file '/app/config/settings.yaml' not found in path.
Traceback (most recent call last):
File ""/app/main.py"", line 42, in simulate_error
raise FileNotFoundError(""Configuration file '/app/config/settings.yaml' not found in path."")
FileNotFoundError: Configuration file '/app/config/settings.yaml' not found in path.
Context: req_id=6142"                                                                                                                          ,     1
"INFO: 127.0.0.1:44302 - ""POST /api/v1/checkout HTTP/1.1"" 201 Created [req_id=7633]"                                                         ,     0
INFO: [target-app] Database heartbeat query executed in 1.4ms. [req_id=2475]                                                                   ,     0
